{"type":"FeatureCollection","name":"keyport_road_centerlines","metadata":{"source":"NJOGIS NG911 Road Centerlines (Tran_road)","url":"https://services2.arcgis.com/XVOqAjTOJ5P6ngMu/arcgis/rest/services/Tran_road/FeatureServer/0","query_url":"https://services2.arcgis.com/XVOqAjTOJ5P6ngMu/arcgis/rest/services/Tran_road/FeatureServer/0/query","retrieved_at_utc":"2026-09-04T20:05:25.680942+00:00","source_last_edit_date":1785341586960,"out_sr":4326,"query_envelope_wgs84":[-74.2170103,40.4226201,-74.1836061,40.4474851],"spatial_relationship":"esriSpatialRelIntersects","boundary_file":"keyport_boundary.geojson","boundary_sha256":"c1e8aed61af33904660c1babe93c306f0c5afa35cdee0f896edddf19af7df190","fields":["OBJECTID","PRIMENAME","ELEVTYP_F","ELEVTYP_T"],"feature_count":775,"complete_objectid_inventory_verified":true,"municipal_clipping":"Envelope selection only; clip against the actual municipal boundary in the application."},"features":[{"type":"Feature","id":97,"properties":{"OBJECTID":97,"PRIMENAME":"Broadway","ELEVTYP_F":0,"ELEVTYP_T":0},"geometry":{"type":"LineString","coordinates":[[-74.183567103462,40.441892559521],[-74.1822540403269,40.442254117538],[-74.1820713158073,40.4423044283149]]}},{"type":"Feature","id":1419,"properties":{"OBJECTID":1419,"PRIMENAME":"FR GSP EXPRESS SB TO RAMP A11840","ELEVTYP_F":0,"ELEVTYP_T":0},"geometry":{"type":"LineString","coordinates":[[-74.2068568253493,40.4196625542214],[-74.2067853528445,40.4197227417795],[-74.2067166839047,40.419784806684],[-74.2066509028941,40.419848672691],[-74.2065880906299,40.4199142613441],[-74.2065283242834,40.4199814920701],[-74.2064716772842,40.4200502822786],[-74.2064182192309,40.420120547463],[-74.2063680158052,40.4201922013047],[-74.2063201098943,40.4202653966339],[-74.2062752739884,40.4203397193795],[-74.2062335534584,40.4204150943487],[-74.2061949905237,40.4204914452842],[-74.2061596242098,40.4205686949406],[-74.2061274903081,40.4206467651634],[-74.2060986213405,40.4207255769674],[-74.2060730465257,40.420805050617],[-74.206021012563,40.421025767522],[-74.2059750842464,40.4212472744744],[-74.2059352820903,40.4214694728258],[-74.2059016238812,40.421692263619],[-74.2058530079349,40.4219579452878],[-74.2057998324271,40.4222231162888],[-74.2057421064689,40.42248773092],[-74.205679839956,40.4227517435749]]}},{"type":"Feature","id":2488,"properties":{"OBJECTID":2488,"PRIMENAME":"Coluco Place","ELEVTYP_F":0,"ELEVTYP_T":0},"geometry":{"type":"LineString","coordinates":[[-74.1966879728423,40.4361607345868],[-74.1966371512421,40.4361014426995],[-74.1962152167199,40.4356094733092],[-74.1961406405447,40.4355520686631],[-74.1960534549578,40.4355184860735],[-74.1959811239705,40.435502003308],[-74.1959475448076,40.4354943514245],[-74.1958228958549,40.4354749722922]]}},{"type":"Feature","id":2715,"properties":{"OBJECTID":2715,"PRIMENAME":"Walnut Street","ELEVTYP_F":0,"ELEVTYP_T":0},"geometry":{"type":"LineString","coordinates":[[-74.1918560606164,40.4414481097366],[-74.1912312236434,40.4411628132846],[-74.1910950120035,40.4411007655247]]}},{"type":"Feature","id":3416,"properties":{"OBJECTID":3416,"PRIMENAME":"Maple Place","ELEVTYP_F":0,"ELEVTYP_T":0},"geometry":{"type":"LineString","coordinates":[[-74.2138396335356,40.4259952849787],[-74.2138361154761,40.4259983888894],[-74.213663288423,40.4261476521695]]}},{"type":"Feature","id":3694,"properties":{"OBJECTID":3694,"PRIMENAME":"Church Street","ELEVTYP_F":0,"ELEVTYP_T":0},"geometry":{"type":"LineString","coordinates":[[-74.1972644162987,40.4339097064707],[-74.1973172931289,40.4340148334713],[-74.1973633709694,40.4341064366454],[-74.1977304238545,40.4348360167208]]}},{"type":"Feature","id":3861,"properties":{"OBJECTID":3861,"PRIMENAME":"Sherwood Drive","ELEVTYP_F":0,"ELEVTYP_T":0},"geometry":{"type":"LineString","coordinates":[[-74.2147046249549,40.4420795846622],[-74.2146120817097,40.4418048954025],[-74.2144581254291,40.4413374553413],[-74.2144306337412,40.4412539071626]]}},{"type":"Feature","id":3869,"properties":{"OBJECTID":3869,"PRIMENAME":"West 3rd Street","ELEVTYP_F":0,"ELEVTYP_T":0},"geometry":{"type":"LineString","coordinates":[[-74.2026860415994,40.4356933597581],[-74.2025891682627,40.4357213582677],[-74.202260741772,40.4358162248451],[-74.2013463230796,40.4360803503623],[-74.2012788027514,40.4360998314879]]}},{"type":"Feature","id":4096,"properties":{"OBJECTID":4096,"PRIMENAME":"Spring Street","ELEVTYP_F":0,"ELEVTYP_T":0},"geometry":{"type":"LineString","coordinates":[[-74.191662812754,40.4392739258022],[-74.191669896601,40.4393434254288],[-74.1917177038009,40.4398106128287],[-74.1917154503238,40.4398319645823]]}},{"type":"Feature","id":4545,"properties":{"OBJECTID":4545,"PRIMENAME":"Monroe Street","ELEVTYP_F":0,"ELEVTYP_T":0},"geometry":{"type":"LineString","coordinates":[[-74.1982097056453,40.4274667358027],[-74.1982788108178,40.4274461095491],[-74.1983999931682,40.4274099425523]]}},{"type":"Feature","id":4780,"properties":{"OBJECTID":4780,"PRIMENAME":"FR ATLANTIC ST TO CO 516 EB","ELEVTYP_F":0,"ELEVTYP_T":0},"geometry":{"type":"LineString","coordinates":[[-74.1966060856171,40.4328218317163],[-74.196689208975,40.432918377239],[-74.1967695525173,40.433016287304],[-74.1968470778864,40.4331155151817],[-74.1969217480692,40.4332160135137],[-74.1970761585403,40.4335190721302],[-74.197125999429,40.4336159377371],[-74.197173996027,40.433713345683],[-74.1972201382237,40.4338112754652],[-74.1972644162987,40.4339097064707]]}},{"type":"Feature","id":4859,"properties":{"OBJECTID":4859,"PRIMENAME":"Hurley Street","ELEVTYP_F":0,"ELEVTYP_T":0},"geometry":{"type":"LineString","coordinates":[[-74.1991073418263,40.4318168329119],[-74.2004081231472,40.4314304983249],[-74.200437683936,40.4314217180212],[-74.2005251672286,40.4313957288112]]}},{"type":"Feature","id":5359,"properties":{"OBJECTID":5359,"PRIMENAME":"South Concourse","ELEVTYP_F":0,"ELEVTYP_T":0},"geometry":{"type":"LineString","coordinates":[[-74.2147518700801,40.4448939508618],[-74.2147300054909,40.4448982614061],[-74.2145101613395,40.4449422967242],[-74.2138601603861,40.4450724873853]]}},{"type":"Feature","id":5475,"properties":{"OBJECTID":5475,"PRIMENAME":"Broad Street","ELEVTYP_F":0,"ELEVTYP_T":0},"geometry":{"type":"LineString","coordinates":[[-74.1997945675164,40.4331674531081],[-74.1999916574938,40.4335623335865],[-74.2002621428044,40.4340953767238]]}},{"type":"Feature","id":5524,"properties":{"OBJECTID":5524,"PRIMENAME":"Atlantic Street","ELEVTYP_F":0,"ELEVTYP_T":0},"geometry":{"type":"LineString","coordinates":[[-74.1938575063863,40.424623249316],[-74.1939239123401,40.4246811562726],[-74.1939701881243,40.4247108162187]]}},{"type":"Feature","id":5842,"properties":{"OBJECTID":5842,"PRIMENAME":"Broadway","ELEVTYP_F":0,"ELEVTYP_T":0},"geometry":{"type":"LineString","coordinates":[[-74.2094895400323,40.4355987362239],[-74.2094320975999,40.4359290674026],[-74.2093813091784,40.4362211479591]]}},{"type":"Feature","id":7155,"properties":{"OBJECTID":7155,"PRIMENAME":"Clark Street","ELEVTYP_F":0,"ELEVTYP_T":0},"geometry":{"type":"LineString","coordinates":[[-74.1970923480612,40.4241249153692],[-74.1971060336931,40.4241217818646],[-74.1975019200711,40.4240555061514]]}},{"type":"Feature","id":7420,"properties":{"OBJECTID":7420,"PRIMENAME":"Elizabeth Street","ELEVTYP_F":0,"ELEVTYP_T":0},"geometry":{"type":"LineString","coordinates":[[-74.2002621428044,40.4340953767238],[-74.1993769123199,40.4343511225276]]}},{"type":"Feature","id":9158,"properties":{"OBJECTID":9158,"PRIMENAME":"Beers Street","ELEVTYP_F":0,"ELEVTYP_T":0},"geometry":{"type":"LineString","coordinates":[[-74.2038619749047,40.4319693600159],[-74.2036200307787,40.431067723606],[-74.2035980341878,40.4309883324567]]}},{"type":"Feature","id":12454,"properties":{"OBJECTID":12454,"PRIMENAME":"Florence Avenue","ELEVTYP_F":0,"ELEVTYP_T":0},"geometry":{"type":"LineString","coordinates":[[-74.1870143160504,40.4343579882689],[-74.1867234521719,40.4348412486132],[-74.186681722487,40.4349075406239]]}},{"type":"Feature","id":13275,"properties":{"OBJECTID":13275,"PRIMENAME":"Florence Avenue","ELEVTYP_F":0,"ELEVTYP_T":0},"geometry":{"type":"LineString","coordinates":[[-74.1936677627432,40.4257087468212],[-74.193622299904,40.4259688811589]]}},{"type":"Feature","id":16944,"properties":{"OBJECTID":16944,"PRIMENAME":"Chingarora Avenue","ELEVTYP_F":0,"ELEVTYP_T":0},"geometry":{"type":"LineString","coordinates":[[-74.2093931570529,40.4309656002528],[-74.2094103658197,40.4308735979949],[-74.2096336305104,40.4296796305131],[-74.209646433326,40.4296094964108]]}},{"type":"Feature","id":18612,"properties":{"OBJECTID":18612,"PRIMENAME":"Clark Street","ELEVTYP_F":0,"ELEVTYP_T":0},"geometry":{"type":"LineString","coordinates":[[-74.1940381154366,40.4246707247002],[-74.1939701881243,40.4247108162187]]}},{"type":"Feature","id":19285,"properties":{"OBJECTID":19285,"PRIMENAME":"Wayside Drive","ELEVTYP_F":0,"ELEVTYP_T":0},"geometry":{"type":"LineString","coordinates":[[-74.2148489574301,40.446296550747],[-74.2149232344539,40.446414309616],[-74.2151030639074,40.446672110431],[-74.2152890671774,40.4469489503506],[-74.2153758232241,40.4470730801455],[-74.2154192945921,40.4471256196436],[-74.2154628524656,40.4471495550568],[-74.2155064493567,40.4471639644955],[-74.2155563392828,40.4471688363287],[-74.2157311050486,40.4471454380169],[-74.2161181997808,40.4470701564869],[-74.2161993781283,40.4470512775775],[-74.2162556610194,40.4470228105534],[-74.216330707866,40.4469753392388],[-74.2163557847087,40.4469420474204],[-74.2163560250864,40.4468848664643],[-74.216325076291,40.4468275810579],[-74.2162134704994,40.4466653164704],[-74.2159343564988,40.446288050506],[-74.2158972356597,40.4462117535414],[-74.2158787763068,40.446149750535],[-74.2158636467821,40.4460990650299]]}},{"type":"Feature","id":19925,"properties":{"OBJECTID":19925,"PRIMENAME":"Barnes Street","ELEVTYP_F":0,"ELEVTYP_T":0},"geometry":{"type":"LineString","coordinates":[[-74.2028373959879,40.4359796841386],[-74.2029186954265,40.435955736111],[-74.2038804706706,40.4356722404039],[-74.2039347544437,40.4356562381577]]}},{"type":"Feature","id":20994,"properties":{"OBJECTID":20994,"PRIMENAME":"Malden Drive","ELEVTYP_F":0,"ELEVTYP_T":0},"geometry":{"type":"LineString","coordinates":[[-74.2136008394732,40.4429607833557],[-74.2140281332125,40.4428780708811]]}},{"type":"Feature","id":21367,"properties":{"OBJECTID":21367,"PRIMENAME":"Village Green","ELEVTYP_F":0,"ELEVTYP_T":0},"geometry":{"type":"LineString","coordinates":[[-74.2002704934229,40.4226761925405],[-74.1997474911875,40.4227491934432]]}},{"type":"Feature","id":21772,"properties":{"OBJECTID":21772,"PRIMENAME":"Clark Street","ELEVTYP_F":0,"ELEVTYP_T":0},"geometry":{"type":"LineString","coordinates":[[-74.2026355325932,40.4233591491897],[-74.2030365573446,40.4233406846136],[-74.2041094180347,40.4232814773916],[-74.2043327538722,40.4232761738501]]}},{"type":"Feature","id":22072,"properties":{"OBJECTID":22072,"PRIMENAME":"Cypress Street","ELEVTYP_F":0,"ELEVTYP_T":0},"geometry":{"type":"LineString","coordinates":[[-74.1855575304927,40.4366884553523],[-74.1856482021347,40.4367208484686],[-74.1861587735802,40.4369033605973],[-74.18670051479,40.4371050070757],[-74.1871301385969,40.4372586632745],[-74.1875099179255,40.4374074349833],[-74.1875778772504,40.437434054234]]}},{"type":"Feature","id":22178,"properties":{"OBJECTID":22178,"PRIMENAME":"Hobart Street","ELEVTYP_F":0,"ELEVTYP_T":0},"geometry":{"type":"LineString","coordinates":[[-74.2116901849967,40.4294036556283],[-74.2117250958062,40.4293978029516],[-74.2118401283191,40.4294212587161],[-74.2121974014462,40.4294591812097]]}},{"type":"Feature","id":22428,"properties":{"OBJECTID":22428,"PRIMENAME":"Van Dorn Street","ELEVTYP_F":0,"ELEVTYP_T":0},"geometry":{"type":"LineString","coordinates":[[-74.1954067193375,40.4323236166494],[-74.1955749353983,40.4328614521326]]}},{"type":"Feature","id":22502,"properties":{"OBJECTID":22502,"PRIMENAME":"Broad Street","ELEVTYP_F":0,"ELEVTYP_T":0},"geometry":{"type":"LineString","coordinates":[[-74.2007096728701,40.4349774290491],[-74.2012653442056,40.4360724550794],[-74.2012788027514,40.4360998314879]]}},{"type":"Feature","id":23265,"properties":{"OBJECTID":23265,"PRIMENAME":"Walling Terrace","ELEVTYP_F":0,"ELEVTYP_T":0},"geometry":{"type":"LineString","coordinates":[[-74.2018371372352,40.4314964349405],[-74.2019780166709,40.431459052322],[-74.2022803492375,40.4313705759575],[-74.202674010002,40.4312553694209]]}},{"type":"Feature","id":23379,"properties":{"OBJECTID":23379,"PRIMENAME":"Prospect Avenue","ELEVTYP_F":0,"ELEVTYP_T":0},"geometry":{"type":"LineString","coordinates":[[-74.2165714692225,40.440590098569],[-74.2170003826264,40.4400261690566]]}},{"type":"Feature","id":24512,"properties":{"OBJECTID":24512,"PRIMENAME":"Chingarora Avenue","ELEVTYP_F":0,"ELEVTYP_T":0},"geometry":{"type":"LineString","coordinates":[[-74.209646433326,40.4296094964108],[-74.2097644529493,40.4289632250696]]}},{"type":"Feature","id":24878,"properties":{"OBJECTID":24878,"PRIMENAME":"Prospect Avenue","ELEVTYP_F":0,"ELEVTYP_T":0},"geometry":{"type":"LineString","coordinates":[[-74.2168032145123,40.4427811080754],[-74.2166713419147,40.4423724152823]]}},{"type":"Feature","id":24886,"properties":{"OBJECTID":24886,"PRIMENAME":"Wayside Drive","ELEVTYP_F":0,"ELEVTYP_T":0},"geometry":{"type":"LineString","coordinates":[[-74.214575896934,40.4456538961852],[-74.2146016449811,40.4457510279003],[-74.2146446159793,40.4459131805069],[-74.2146939809679,40.4460419675996],[-74.2147497386145,40.4461374170888],[-74.2148178693722,40.4462471992162],[-74.2148489574301,40.446296550747]]}},{"type":"Feature","id":25099,"properties":{"OBJECTID":25099,"PRIMENAME":"South Concourse","ELEVTYP_F":0,"ELEVTYP_T":0},"geometry":{"type":"LineString","coordinates":[[-74.2121433858484,40.4454200166613],[-74.2118392828411,40.4454820686866],[-74.2112658283135,40.4455881651034]]}},{"type":"Feature","id":25431,"properties":{"OBJECTID":25431,"PRIMENAME":"Atlantic Street","ELEVTYP_F":0,"ELEVTYP_T":0},"geometry":{"type":"LineString","coordinates":[[-74.1983957726565,40.4388317647782],[-74.1981562611929,40.4380318048284]]}},{"type":"Feature","id":27246,"properties":{"OBJECTID":27246,"PRIMENAME":"Clark Street","ELEVTYP_F":0,"ELEVTYP_T":0},"geometry":{"type":"LineString","coordinates":[[-74.2049878249946,40.4232433336841],[-74.2050520489694,40.4232385088838],[-74.2053881354339,40.4232132588556]]}},{"type":"Feature","id":27730,"properties":{"OBJECTID":27730,"PRIMENAME":"Coach Drive","ELEVTYP_F":0,"ELEVTYP_T":0},"geometry":{"type":"LineString","coordinates":[[-74.1846749579356,40.4290264039771],[-74.1847178017674,40.4289212989333],[-74.1847682766422,40.4287975200728],[-74.1848121453664,40.4287500110764],[-74.1848747506031,40.4286977491146],[-74.1849622997782,40.4286503320908],[-74.1851809186247,40.4285746667175],[-74.1860617184396,40.4282625218888],[-74.1863203948758,40.4281698878624]]}},{"type":"Feature","id":27948,"properties":{"OBJECTID":27948,"PRIMENAME":"Middle Road","ELEVTYP_F":0,"ELEVTYP_T":0},"geometry":{"type":"LineString","coordinates":[[-74.184277887809,40.4289144982568],[-74.1834802711962,40.4286896852021]]}},{"type":"Feature","id":28220,"properties":{"OBJECTID":28220,"PRIMENAME":"West Front Street","ELEVTYP_F":0,"ELEVTYP_T":0},"geometry":{"type":"LineString","coordinates":[[-74.2130467076116,40.4352561181821],[-74.2130074452744,40.435244338517],[-74.2128888904801,40.4352440441546],[-74.2124711643569,40.4352049026113],[-74.2116855322951,40.43514573736],[-74.2112677668724,40.4351160904252],[-74.2106879148549,40.4350670122505],[-74.2106406595802,40.4350614856404]]}},{"type":"Feature","id":29031,"properties":{"OBJECTID":29031,"PRIMENAME":"Highland Avenue","ELEVTYP_F":0,"ELEVTYP_T":0},"geometry":{"type":"LineString","coordinates":[[-74.1887013814306,40.4356533928897],[-74.1883243119774,40.4362495030492]]}},{"type":"Feature","id":29053,"properties":{"OBJECTID":29053,"PRIMENAME":"Locust Street","ELEVTYP_F":0,"ELEVTYP_T":0},"geometry":{"type":"LineString","coordinates":[[-74.1918560606164,40.4414481097366],[-74.19179097952,40.4415217535323],[-74.1913370289053,40.4420351531661],[-74.1906110250731,40.4428562145856],[-74.1903237305321,40.4431811199806]]}},{"type":"Feature","id":29231,"properties":{"OBJECTID":29231,"PRIMENAME":"Washington Street","ELEVTYP_F":0,"ELEVTYP_T":0},"geometry":{"type":"LineString","coordinates":[[-74.2136412773699,40.4272269429257],[-74.213693167806,40.4271801011734],[-74.2139825886966,40.4269186929661]]}},{"type":"Feature","id":29528,"properties":{"OBJECTID":29528,"PRIMENAME":"1st Street","ELEVTYP_F":0,"ELEVTYP_T":0},"geometry":{"type":"LineString","coordinates":[[-74.1967132521436,40.4389379373168],[-74.1950748363124,40.4390383277272],[-74.1950278279883,40.4390414703491]]}},{"type":"Feature","id":29695,"properties":{"OBJECTID":29695,"PRIMENAME":"Washington Street","ELEVTYP_F":0,"ELEVTYP_T":0},"geometry":{"type":"LineString","coordinates":[[-74.2104791825562,40.4359553991983],[-74.2105247783654,40.4357029585307]]}},{"type":"Feature","id":30144,"properties":{"OBJECTID":30144,"PRIMENAME":"Highland Avenue","ELEVTYP_F":0,"ELEVTYP_T":0},"geometry":{"type":"LineString","coordinates":[[-74.1877317377413,40.4371891086409],[-74.1875778772504,40.437434054234]]}},{"type":"Feature","id":30492,"properties":{"OBJECTID":30492,"PRIMENAME":"Walnut Street","ELEVTYP_F":0,"ELEVTYP_T":0},"geometry":{"type":"LineString","coordinates":[[-74.1902838092234,40.4407311838506],[-74.1899053703458,40.440558761514],[-74.1893278133271,40.4400043921722],[-74.1892734463964,40.4399434961336]]}},{"type":"Feature","id":30571,"properties":{"OBJECTID":30571,"PRIMENAME":"Nappi Place","ELEVTYP_F":0,"ELEVTYP_T":0},"geometry":{"type":"LineString","coordinates":[[-74.2113637536525,40.4270793923987],[-74.2119053718582,40.4274665655512],[-74.2120363033734,40.427560172087]]}},{"type":"Feature","id":31853,"properties":{"OBJECTID":31853,"PRIMENAME":"Broadway","ELEVTYP_F":0,"ELEVTYP_T":0},"geometry":{"type":"LineString","coordinates":[[-74.2109610181331,40.42752531525],[-74.2109251543762,40.4277214771817],[-74.2108934025522,40.4278548404397],[-74.2108993677623,40.4279215901906],[-74.2109241136452,40.4279645586275],[-74.2109612637304,40.4280218602572],[-74.2109798716177,40.4280552332128],[-74.2109809087859,40.4280643088679],[-74.2109858616156,40.4281076808322],[-74.2109917477832,40.4281593320242]]}},{"type":"Feature","id":31896,"properties":{"OBJECTID":31896,"PRIMENAME":"Seawood Drive","ELEVTYP_F":0,"ELEVTYP_T":0},"geometry":{"type":"LineString","coordinates":[[-74.2122988198179,40.446778183972],[-74.2123198692937,40.446889195029],[-74.2123690070294,40.4470704149981],[-74.2123809680934,40.4471895839251],[-74.2123680115132,40.4473039426873],[-74.212330082853,40.4474182113872],[-74.2122923315358,40.4474991541881],[-74.2122044923713,40.4476132986165],[-74.2121105179494,40.447708376492]]}},{"type":"Feature","id":32101,"properties":{"OBJECTID":32101,"PRIMENAME":"Woodmere Drive","ELEVTYP_F":0,"ELEVTYP_T":0},"geometry":{"type":"LineString","coordinates":[[-74.2131994504493,40.4431036464616],[-74.2133281162578,40.4430360772111],[-74.2134173209269,40.4429963018954]]}},{"type":"Feature","id":37024,"properties":{"OBJECTID":37024,"PRIMENAME":"FR RT 35 NB to BROADWAY","ELEVTYP_F":0,"ELEVTYP_T":0},"geometry":{"type":"LineString","coordinates":[[-74.2104141161778,40.4283602598818],[-74.2105091499157,40.4284144949347],[-74.2105712881075,40.4284499808693],[-74.2106253518353,40.4284915682206],[-74.2106573251775,40.428533045325],[-74.2106792393016,40.4285745792063],[-74.2106951020594,40.42862836918],[-74.2106988468987,40.4286851765996],[-74.2107095456338,40.4288626504363]]}},{"type":"Feature","id":37214,"properties":{"OBJECTID":37214,"PRIMENAME":"5th Street","ELEVTYP_F":0,"ELEVTYP_T":0},"geometry":{"type":"LineString","coordinates":[[-74.1945466615729,40.4364730957107],[-74.1939857548439,40.4368198402969],[-74.1939615388052,40.4368363812931]]}},{"type":"Feature","id":37493,"properties":{"OBJECTID":37493,"PRIMENAME":"Clark Street","ELEVTYP_F":0,"ELEVTYP_T":0},"geometry":{"type":"LineString","coordinates":[[-74.1969377183696,40.4241603223738],[-74.1967467690267,40.4241917476443],[-74.1959682784998,40.4243198882001],[-74.1941818034193,40.4246139231101],[-74.1940943726885,40.4246375200946],[-74.1940381154366,40.4246707247002]]}},{"type":"Feature","id":38209,"properties":{"OBJECTID":38209,"PRIMENAME":"5th Street","ELEVTYP_F":0,"ELEVTYP_T":0},"geometry":{"type":"LineString","coordinates":[[-74.1952245159732,40.4360540246227],[-74.1951464455456,40.4361022705157],[-74.1945466615729,40.4364730957107]]}},{"type":"Feature","id":38521,"properties":{"OBJECTID":38521,"PRIMENAME":"Gerard Avenue","ELEVTYP_F":0,"ELEVTYP_T":0},"geometry":{"type":"LineString","coordinates":[[-74.215671751057,40.4231259867749],[-74.2157119957876,40.4231483496158],[-74.2164023157882,40.4235980280269],[-74.2165198475943,40.4236746042605]]}},{"type":"Feature","id":39085,"properties":{"OBJECTID":39085,"PRIMENAME":"FR CO 516 NB to RT 35 SB","ELEVTYP_F":0,"ELEVTYP_T":0},"geometry":{"type":"LineString","coordinates":[[-74.2120363033734,40.427560172087],[-74.2109917477832,40.4281593320242]]}},{"type":"Feature","id":39302,"properties":{"OBJECTID":39302,"PRIMENAME":"Gull Way","ELEVTYP_F":0,"ELEVTYP_T":0},"geometry":{"type":"LineString","coordinates":[[-74.2049364958196,40.4327331956384],[-74.2045954939867,40.4328731940419],[-74.2045364935357,40.4328931942066],[-74.2042404959505,40.4329541951912],[-74.2041165998888,40.4329628260373]]}},{"type":"Feature","id":39337,"properties":{"OBJECTID":39337,"PRIMENAME":"Beers Street","ELEVTYP_F":0,"ELEVTYP_T":0},"geometry":{"type":"LineString","coordinates":[[-74.2028235039377,40.428101867049],[-74.2026995999379,40.427638660243],[-74.2026060968552,40.4272955761778]]}},{"type":"Feature","id":39721,"properties":{"OBJECTID":39721,"PRIMENAME":"Unnamed Segment","ELEVTYP_F":0,"ELEVTYP_T":0},"geometry":{"type":"LineString","coordinates":[[-74.1969794921774,40.4391531966381],[-74.196903492825,40.4391541952614],[-74.1966734937305,40.439170197121]]}},{"type":"Feature","id":39956,"properties":{"OBJECTID":39956,"PRIMENAME":"3rd Street","ELEVTYP_F":0,"ELEVTYP_T":0},"geometry":{"type":"LineString","coordinates":[[-74.1954410257144,40.4372926058536],[-74.1942175582147,40.4373723351266],[-74.1937471814802,40.4373996943568]]}},{"type":"Feature","id":39999,"properties":{"OBJECTID":39999,"PRIMENAME":"Atlantic Street","ELEVTYP_F":0,"ELEVTYP_T":0},"geometry":{"type":"LineString","coordinates":[[-74.1966060856171,40.4328218317163],[-74.1965346604195,40.4325756234752]]}},{"type":"Feature","id":40587,"properties":{"OBJECTID":40587,"PRIMENAME":"Beers Street","ELEVTYP_F":0,"ELEVTYP_T":0},"geometry":{"type":"LineString","coordinates":[[-74.2022994560554,40.4261331998315],[-74.2022579341257,40.425969453519],[-74.2022499949121,40.4259289969625],[-74.2022517016457,40.4258923263267],[-74.2022580410405,40.4258639571274],[-74.2022689672198,40.425837989142],[-74.2022845534965,40.4258143658174],[-74.2023001541795,40.4257954916116],[-74.2023049567203,40.4257898542519],[-74.2023172343563,40.4257754413723],[-74.2023358624919,40.4257624768616],[-74.2023576210778,40.4257483675856],[-74.2024457250904,40.4256936092875]]}},{"type":"Feature","id":40980,"properties":{"OBJECTID":40980,"PRIMENAME":"Manchester Avenue","ELEVTYP_F":0,"ELEVTYP_T":0},"geometry":{"type":"LineString","coordinates":[[-74.1926820782673,40.4347332701736],[-74.1928107212071,40.4348532738219],[-74.1936558582417,40.4356336856455]]}},{"type":"Feature","id":41262,"properties":{"OBJECTID":41262,"PRIMENAME":"FR NJ 36 NB TO GSP NB","ELEVTYP_F":0,"ELEVTYP_T":1},"geometry":{"type":"LineString","coordinates":[[-74.2031304477009,40.4254086645838],[-74.2032753416297,40.4254323489235],[-74.2034207040212,40.4254542929966],[-74.2035413554124,40.4254667599425],[-74.2036627895178,40.4254734503627],[-74.2037845332489,40.4254743381922],[-74.2039061123109,40.425469419972],[-74.2040270530505,40.4254587148626],[-74.2041468843017,40.4254422645694],[-74.2042651392218,40.42542013318],[-74.2043813571103,40.4253924069144],[-74.2044247106505,40.4253797799791],[-74.204509469388,40.4253524394414],[-74.204592360952,40.4253219382181],[-74.2046731836821,40.4252883505143],[-74.2047517409523,40.4252517580434]]}},{"type":"Feature","id":41281,"properties":{"OBJECTID":41281,"PRIMENAME":"FR MONROE ST to RT 35 NB","ELEVTYP_F":0,"ELEVTYP_T":0},"geometry":{"type":"LineString","coordinates":[[-74.2043005651665,40.4259679427705],[-74.2043642102515,40.4259810527548],[-74.2044288760114,40.4259908193326],[-74.2044848898362,40.4259964948],[-74.2045412417561,40.4259996608343],[-74.2045719511218,40.4260002886998],[-74.2046596687615,40.4260045953688],[-74.2047471920937,40.4260107949378],[-74.2048344511933,40.4260188824536],[-74.2049213763464,40.4260288514551],[-74.2050517148902,40.4260504568204],[-74.2051807887986,40.4260761160484],[-74.2053083814135,40.4261057859213],[-74.2054342803163,40.4261394171118]]}},{"type":"Feature","id":41473,"properties":{"OBJECTID":41473,"PRIMENAME":"Atlantic Street","ELEVTYP_F":0,"ELEVTYP_T":0},"geometry":{"type":"LineString","coordinates":[[-74.1957380410249,40.4298893220302],[-74.1957296462511,40.4298604947359],[-74.1955945554492,40.429402630589],[-74.1955470918973,40.429245290602]]}},{"type":"Feature","id":41515,"properties":{"OBJECTID":41515,"PRIMENAME":"Kearney Street","ELEVTYP_F":0,"ELEVTYP_T":0},"geometry":{"type":"LineString","coordinates":[[-74.2015623641994,40.4309575651374],[-74.2018371372352,40.4314964349405]]}},{"type":"Feature","id":41921,"properties":{"OBJECTID":41921,"PRIMENAME":"Monroe Street","ELEVTYP_F":0,"ELEVTYP_T":0},"geometry":{"type":"LineString","coordinates":[[-74.2032927733324,40.4259811184843],[-74.203705713639,40.42591791309],[-74.2039054420049,40.4258755172959],[-74.2040240637606,40.4258567697517],[-74.2040864072923,40.4258521532301],[-74.204148723511,40.4258618378952],[-74.2042234003631,40.4258953833284],[-74.2042669903802,40.4259240992164],[-74.2043005651665,40.4259679427705]]}},{"type":"Feature","id":42309,"properties":{"OBJECTID":42309,"PRIMENAME":"East Poplar Street","ELEVTYP_F":0,"ELEVTYP_T":0},"geometry":{"type":"LineString","coordinates":[[-74.1879494056188,40.4368425988043],[-74.1878682052565,40.4368126494807],[-74.1869964917255,40.436491003237],[-74.1860375921689,40.4361309562612],[-74.185935881224,40.4360927972833]]}},{"type":"Feature","id":42722,"properties":{"OBJECTID":42722,"PRIMENAME":"Prospect Avenue","ELEVTYP_F":0,"ELEVTYP_T":0},"geometry":{"type":"LineString","coordinates":[[-74.2171190233059,40.4437366452857],[-74.216944414996,40.4432107138563]]}},{"type":"Feature","id":43158,"properties":{"OBJECTID":43158,"PRIMENAME":"Walnut Street","ELEVTYP_F":0,"ELEVTYP_T":0},"geometry":{"type":"LineString","coordinates":[[-74.1887753323734,40.4396096798135],[-74.1886313361827,40.4395449837194],[-74.1883872707121,40.439358917782]]}},{"type":"Feature","id":43201,"properties":{"OBJECTID":43201,"PRIMENAME":"Broadway","ELEVTYP_F":0,"ELEVTYP_T":0},"geometry":{"type":"LineString","coordinates":[[-74.2100399999597,40.4325302632282],[-74.2097959622683,40.4338591856856]]}},{"type":"Feature","id":43291,"properties":{"OBJECTID":43291,"PRIMENAME":"Walnut Terrace","ELEVTYP_F":0,"ELEVTYP_T":0},"geometry":{"type":"LineString","coordinates":[[-74.1905603879997,40.4408571853927],[-74.1905150412555,40.4409130657529],[-74.1903142831755,40.4411603606288]]}},{"type":"Feature","id":43411,"properties":{"OBJECTID":43411,"PRIMENAME":"Melrose Way","ELEVTYP_F":0,"ELEVTYP_T":0},"geometry":{"type":"LineString","coordinates":[[-74.2179837318477,40.4406927352578],[-74.2178856366058,40.4406262277568],[-74.2170459184389,40.4400570265543],[-74.2170003826264,40.4400261690566]]}},{"type":"Feature","id":43565,"properties":{"OBJECTID":43565,"PRIMENAME":"7th Street","ELEVTYP_F":0,"ELEVTYP_T":0},"geometry":{"type":"LineString","coordinates":[[-74.1926820782673,40.4347332701736],[-74.1932706840087,40.4343625347569],[-74.1933517469465,40.4343118275966]]}},{"type":"Feature","id":43785,"properties":{"OBJECTID":43785,"PRIMENAME":"Hurley Street","ELEVTYP_F":0,"ELEVTYP_T":0},"geometry":{"type":"LineString","coordinates":[[-74.1973805033336,40.4323281686076],[-74.1977335292964,40.4322248862024],[-74.1982354514672,40.4320758174052]]}},{"type":"Feature","id":44039,"properties":{"OBJECTID":44039,"PRIMENAME":"Beers Street","ELEVTYP_F":0,"ELEVTYP_T":0},"geometry":{"type":"LineString","coordinates":[[-74.2017980837709,40.4246815286383],[-74.2018186586631,40.4246426559607],[-74.2018315636608,40.4245998367005],[-74.201839635541,40.4245044633263],[-74.2018299739035,40.4244690530891],[-74.2016885113498,40.4239505254368]]}},{"type":"Feature","id":44060,"properties":{"OBJECTID":44060,"PRIMENAME":"Therese Avenue","ELEVTYP_F":0,"ELEVTYP_T":0},"geometry":{"type":"LineString","coordinates":[[-74.2126133372768,40.4299694978731],[-74.2124269356815,40.4309385151165]]}},{"type":"Feature","id":44076,"properties":{"OBJECTID":44076,"PRIMENAME":"Green Grove Avenue","ELEVTYP_F":0,"ELEVTYP_T":0},"geometry":{"type":"LineString","coordinates":[[-74.1933517469465,40.4343118275966],[-74.1927853410313,40.4337844255726],[-74.1925136721013,40.4335314591941]]}},{"type":"Feature","id":44149,"properties":{"OBJECTID":44149,"PRIMENAME":"Main Street","ELEVTYP_F":0,"ELEVTYP_T":0},"geometry":{"type":"LineString","coordinates":[[-74.1989354928964,40.4282614040964],[-74.1988709568105,40.4281368529561]]}},{"type":"Feature","id":44229,"properties":{"OBJECTID":44229,"PRIMENAME":"Florence Avenue","ELEVTYP_F":0,"ELEVTYP_T":0},"geometry":{"type":"LineString","coordinates":[[-74.184314024439,40.4386862850533],[-74.1842838714824,40.438734601276],[-74.1840859231319,40.4390517827044],[-74.1840755074307,40.4390684728111]]}},{"type":"Feature","id":44366,"properties":{"OBJECTID":44366,"PRIMENAME":"Clark Street","ELEVTYP_F":0,"ELEVTYP_T":0},"geometry":{"type":"LineString","coordinates":[[-74.2069317989474,40.4230811967679],[-74.2072782781661,40.4230703148166],[-74.207718620402,40.4230312007492],[-74.2078522081765,40.4230193337774],[-74.2086229372391,40.4229429075243],[-74.2097668218159,40.4228294693942]]}},{"type":"Feature","id":44626,"properties":{"OBJECTID":44626,"PRIMENAME":"Elizabeth Street","ELEVTYP_F":0,"ELEVTYP_T":0},"geometry":{"type":"LineString","coordinates":[[-74.1985462637773,40.4345950082415],[-74.1978405028674,40.4348034725352],[-74.1977304238545,40.4348360167208]]}},{"type":"Feature","id":44695,"properties":{"OBJECTID":44695,"PRIMENAME":"Hazlet Trailer Park","ELEVTYP_F":0,"ELEVTYP_T":0},"geometry":{"type":"LineString","coordinates":[[-74.1841007586947,40.4315192467048],[-74.1840464875027,40.4314531958273],[-74.183990486926,40.431415194251],[-74.1839694885936,40.4313731958215],[-74.1839644875461,40.4313311951859],[-74.183938488853,40.4312661960305],[-74.1839084871047,40.4312201957459],[-74.1838004888446,40.4311361939805],[-74.1832854863754,40.4308081957912],[-74.1832724870156,40.4307821947084],[-74.1832754884844,40.4307641964216],[-74.1834914868385,40.4304111946007],[-74.1835624883215,40.4303951954352],[-74.1836364886361,40.4304391952123],[-74.183654487469,40.4304581948449],[-74.1839394891906,40.4306461959213]]}},{"type":"Feature","id":45032,"properties":{"OBJECTID":45032,"PRIMENAME":"Osborn Street","ELEVTYP_F":0,"ELEVTYP_T":0},"geometry":{"type":"LineString","coordinates":[[-74.1973805033336,40.4323281686076],[-74.1973591733231,40.4322620093521],[-74.1972974572761,40.4320705895283],[-74.1968855307075,40.4307929050967],[-74.1968660796839,40.4307324048835]]}},{"type":"Feature","id":45042,"properties":{"OBJECTID":45042,"PRIMENAME":"Osborn Street","ELEVTYP_F":0,"ELEVTYP_T":0},"geometry":{"type":"LineString","coordinates":[[-74.1985462637773,40.4345950082415],[-74.198132050048,40.4337653013758],[-74.1980909598776,40.433683087194]]}},{"type":"Feature","id":45719,"properties":{"OBJECTID":45719,"PRIMENAME":"3rd Street","ELEVTYP_F":0,"ELEVTYP_T":0},"geometry":{"type":"LineString","coordinates":[[-74.1964816753743,40.4372247649021],[-74.1954410257144,40.4372926058536]]}},{"type":"Feature","id":45899,"properties":{"OBJECTID":45899,"PRIMENAME":"Oak Street","ELEVTYP_F":0,"ELEVTYP_T":0},"geometry":{"type":"LineString","coordinates":[[-74.1917154503238,40.4398319645823],[-74.191711240638,40.4398725541806],[-74.1916984834755,40.4399201756926],[-74.1916609089061,40.4399582058523],[-74.191604534575,40.4400057110125],[-74.1910417597381,40.4403091954799],[-74.1903601377664,40.4406886457759],[-74.1902838092234,40.4407311838506]]}},{"type":"Feature","id":45944,"properties":{"OBJECTID":45944,"PRIMENAME":"Stephen Street","ELEVTYP_F":0,"ELEVTYP_T":0},"geometry":{"type":"LineString","coordinates":[[-74.1833593825616,40.4249765522355],[-74.1835582030196,40.4248385481745],[-74.1841463372863,40.4244302761742],[-74.1842276753481,40.4243733166109],[-74.1842964253451,40.4243353738916],[-74.1843512519873,40.4243250509261],[-74.1843962991869,40.42431656827],[-74.1848830150707,40.4242559371018],[-74.1853556198155,40.4241862617657]]}},{"type":"Feature","id":45954,"properties":{"OBJECTID":45954,"PRIMENAME":"Unnamed Segment","ELEVTYP_F":0,"ELEVTYP_T":0},"geometry":{"type":"LineString","coordinates":[[-74.1983556332861,40.4255505423627],[-74.1987922831652,40.4261492321958]]}},{"type":"Feature","id":46230,"properties":{"OBJECTID":46230,"PRIMENAME":"Broadway","ELEVTYP_F":0,"ELEVTYP_T":0},"geometry":{"type":"LineString","coordinates":[[-74.2111024239618,40.4267489256105],[-74.2110851732998,40.4268437993301],[-74.2110484800605,40.4270455927646],[-74.2110132554243,40.4272393146983],[-74.2110018099242,40.427302263454],[-74.2109610181331,40.42752531525]]}},{"type":"Feature","id":46342,"properties":{"OBJECTID":46342,"PRIMENAME":"South Concourse","ELEVTYP_F":0,"ELEVTYP_T":0},"geometry":{"type":"LineString","coordinates":[[-74.2138601603861,40.4450724873853],[-74.2131317143065,40.445218371526],[-74.2130057733093,40.4452440558786]]}},{"type":"Feature","id":46351,"properties":{"OBJECTID":46351,"PRIMENAME":"Kearney Street","ELEVTYP_F":0,"ELEVTYP_T":0},"geometry":{"type":"LineString","coordinates":[[-74.2030751000836,40.4339346318152],[-74.2032133127973,40.4342026669549],[-74.2033058678201,40.4343883121551]]}},{"type":"Feature","id":46639,"properties":{"OBJECTID":46639,"PRIMENAME":"Sycamore Drive","ELEVTYP_F":0,"ELEVTYP_T":0},"geometry":{"type":"LineString","coordinates":[[-74.1863587725777,40.4256694261447],[-74.1863871449086,40.4253322596774],[-74.1864003655867,40.4251751353801],[-74.1864202086601,40.424932132143],[-74.1864029994756,40.4246079922612],[-74.1863708412782,40.4240686998265]]}},{"type":"Feature","id":46744,"properties":{"OBJECTID":46744,"PRIMENAME":"West Jack Street","ELEVTYP_F":0,"ELEVTYP_T":0},"geometry":{"type":"LineString","coordinates":[[-74.187220049325,40.4274068928017],[-74.1873940043477,40.4274177945079],[-74.1875935325614,40.4274373580755],[-74.1877368436511,40.4274568514349],[-74.1878989042524,40.4274763402931],[-74.1880671154736,40.4275101756221],[-74.188615353461,40.4276355420941],[-74.1888957458391,40.427693533584]]}},{"type":"Feature","id":46838,"properties":{"OBJECTID":46838,"PRIMENAME":"Church Street","ELEVTYP_F":0,"ELEVTYP_T":0},"geometry":{"type":"LineString","coordinates":[[-74.1977304238545,40.4348360167208],[-74.1981485139091,40.4356669427527],[-74.1981749413782,40.4357185652922]]}},{"type":"Feature","id":47399,"properties":{"OBJECTID":47399,"PRIMENAME":"American Legion Drive","ELEVTYP_F":0,"ELEVTYP_T":0},"geometry":{"type":"LineString","coordinates":[[-74.2055968983847,40.4361066806533],[-74.2056496399794,40.4361723968636],[-74.2057421718745,40.4362876288552],[-74.2058605693257,40.4364350686267],[-74.2059907272917,40.4366260508075],[-74.2060216616147,40.4366833111123],[-74.2060276850236,40.4367357589923],[-74.2060149897749,40.4367881313532],[-74.2059835779393,40.4368404840338],[-74.2059147295993,40.436892741481],[-74.2056835774709,40.4369826882874],[-74.2053336181091,40.4371295684465],[-74.2052273065557,40.4371960051319],[-74.2045140117556,40.437704124754],[-74.2043449797452,40.4378419111017],[-74.2042323044848,40.4379417110027],[-74.204125704426,40.4380653545684],[-74.2039878507487,40.4382127462409],[-74.2037997010344,40.4384410178382],[-74.2036492058278,40.4386360322574],[-74.20349881066,40.4387833911803],[-74.2033485141186,40.438916475017],[-74.2032108865085,40.4390114058579],[-74.2030920040724,40.4390921374576],[-74.2030657261604,40.4391020895832],[-74.2029545656383,40.4391441899222],[-74.2027984649995,40.4391914442745],[-74.2027172713865,40.4392150907581],[-74.2026610800148,40.4392149462497],[-74.2026019835148,40.4392106801188]]}},{"type":"Feature","id":48900,"properties":{"OBJECTID":48900,"PRIMENAME":"West 3rd Street","ELEVTYP_F":0,"ELEVTYP_T":0},"geometry":{"type":"LineString","coordinates":[[-74.2103083848841,40.4310755624887],[-74.2101850851167,40.4310607585544],[-74.2093931570529,40.4309656002528]]}},{"type":"Feature","id":49060,"properties":{"OBJECTID":49060,"PRIMENAME":"Unnamed Segment","ELEVTYP_F":0,"ELEVTYP_T":0},"geometry":{"type":"LineString","coordinates":[[-74.2010899878809,40.4247406123468],[-74.2008555363978,40.4245096244763],[-74.2008035199514,40.4243219077809],[-74.2009197373322,40.4240904624877],[-74.2013422011987,40.4240138903889]]}},{"type":"Feature","id":49281,"properties":{"OBJECTID":49281,"PRIMENAME":"West Susan Street","ELEVTYP_F":0,"ELEVTYP_T":0},"geometry":{"type":"LineString","coordinates":[[-74.1863587725777,40.4256694261447],[-74.1862173234887,40.42563689574],[-74.1853593699699,40.4254396850554]]}},{"type":"Feature","id":49465,"properties":{"OBJECTID":49465,"PRIMENAME":"Broadway","ELEVTYP_F":0,"ELEVTYP_T":0},"geometry":{"type":"LineString","coordinates":[[-74.2114750305988,40.4247417147322],[-74.2114742580726,40.4247459953571],[-74.2113566168138,40.4253824213636],[-74.2113538686349,40.4253972868024],[-74.2112572783977,40.4259198168853],[-74.2111933617805,40.4262655928558],[-74.21115613085,40.4264634717138],[-74.2111024239618,40.4267489256105]]}},{"type":"Feature","id":49485,"properties":{"OBJECTID":49485,"PRIMENAME":"Gale Avenue","ELEVTYP_F":0,"ELEVTYP_T":0},"geometry":{"type":"LineString","coordinates":[[-74.1873676533326,40.4231473508782],[-74.187195484078,40.4231565481895],[-74.1867713104181,40.4231792280922]]}},{"type":"Feature","id":49508,"properties":{"OBJECTID":49508,"PRIMENAME":"Stone Road","ELEVTYP_F":0,"ELEVTYP_T":0},"geometry":{"type":"LineString","coordinates":[[-74.1867179675898,40.4390962793708],[-74.1865019986537,40.4390583597143],[-74.1856193904594,40.4389033874152],[-74.1844289439257,40.4387047439856],[-74.184314024439,40.4386862850533]]}},{"type":"Feature","id":50159,"properties":{"OBJECTID":50159,"PRIMENAME":"FR NJ 36 SB TO FLORENCE AVE SB","ELEVTYP_F":0,"ELEVTYP_T":0},"geometry":{"type":"LineString","coordinates":[[-74.1927044413084,40.4281315529506],[-74.1926783518296,40.4281292806321],[-74.1926524767278,40.4281258646316],[-74.1926269017806,40.4281213162734],[-74.1926017117705,40.4281156506357],[-74.1925769902038,40.4281088865003],[-74.192552819034,40.4281010462908],[-74.1925292783897,40.428092155998],[-74.1925064463092,40.4280822450936],[-74.1924979241841,40.4280757036427],[-74.1924898520536,40.4280688369531],[-74.1924822511424,40.4280616630801],[-74.1924751414362,40.4280542008867],[-74.1924685416292,40.428046469994],[-74.1924624690748,40.4280384907296],[-74.1924569397399,40.4280302840742],[-74.1924519681632,40.4280218716065]]}},{"type":"Feature","id":51262,"properties":{"OBJECTID":51262,"PRIMENAME":"West Susan Street","ELEVTYP_F":0,"ELEVTYP_T":0},"geometry":{"type":"LineString","coordinates":[[-74.1853593699699,40.4254396850554],[-74.1848742673459,40.4253281460588],[-74.1847907774982,40.425308949155],[-74.1843471325313,40.425206310327],[-74.1837068913965,40.4250581838142],[-74.1833593825616,40.4249765522355]]}},{"type":"Feature","id":52563,"properties":{"OBJECTID":52563,"PRIMENAME":"FR GSP NB TO NJ 36 SB","ELEVTYP_F":0,"ELEVTYP_T":1},"geometry":{"type":"LineString","coordinates":[[-74.2056146952504,40.4233669063819],[-74.2056059804697,40.4235531837536],[-74.2055937104616,40.4237393441209],[-74.2055631307625,40.4239357219321],[-74.2055358893155,40.4241323865751],[-74.2055254050621,40.4242106300152],[-74.2055102276109,40.4242884226532],[-74.2054903890063,40.4243656001608],[-74.2054659311397,40.4244419995081],[-74.2054291158854,40.4245322216666],[-74.2053836785936,40.4246201184156],[-74.2053298676184,40.4247052092596],[-74.2052679770925,40.4247870290401],[-74.2052222428688,40.4248428429673],[-74.2051726019564,40.4248966721384],[-74.2051192014683,40.4249483570186],[-74.2050621996609,40.4249977444278],[-74.2050017654648,40.4250446879947],[-74.2049380779848,40.4250890485906],[-74.2048713259686,40.4251306947419],[-74.2048017072474,40.4251695030194],[-74.2046934220267,40.4252233613698]]}},{"type":"Feature","id":56084,"properties":{"OBJECTID":56084,"PRIMENAME":"Marz Way","ELEVTYP_F":0,"ELEVTYP_T":0},"geometry":{"type":"LineString","coordinates":[[-74.2127031282383,40.4443479997284],[-74.2127295994979,40.4444262472778],[-74.2129760363472,40.4451560265621],[-74.2130057733093,40.4452440558786]]}},{"type":"Feature","id":56559,"properties":{"OBJECTID":56559,"PRIMENAME":"Middle Road","ELEVTYP_F":0,"ELEVTYP_T":0},"geometry":{"type":"LineString","coordinates":[[-74.1904877801826,40.4316301239274],[-74.1904099027421,40.4315598239522]]}},{"type":"Feature","id":56952,"properties":{"OBJECTID":56952,"PRIMENAME":"North Chestnut Street","ELEVTYP_F":0,"ELEVTYP_T":0},"geometry":{"type":"LineString","coordinates":[[-74.1872008402837,40.4380343611959],[-74.1871266701668,40.4380069008323],[-74.1852710851913,40.4373203248943],[-74.1851757551943,40.4372850367524]]}},{"type":"Feature","id":57932,"properties":{"OBJECTID":57932,"PRIMENAME":"FR RT 35 SB to RT 35 NB","ELEVTYP_F":0,"ELEVTYP_T":0},"geometry":{"type":"LineString","coordinates":[[-74.2001007169423,40.4246928409873],[-74.2000716339063,40.4246934751642],[-74.2000426090575,40.4246950169004],[-74.2000136908661,40.4246974636213],[-74.1999849276241,40.4247008112411],[-74.199956367365,40.4247050541692],[-74.1999280577831,40.4247101853203],[-74.1999000461542,40.4247161961254],[-74.1998723792565,40.4247230765468],[-74.1998562136832,40.424730144456],[-74.1998406665001,40.4247379808515],[-74.1998258001712,40.4247465542491],[-74.1998116744251,40.4247558302036],[-74.1997935643448,40.4247696631201],[-74.1997770988519,40.4247846484527],[-74.1997624029846,40.4248006724043],[-74.1997495883431,40.4248176132908],[-74.1997387522418,40.4248353424648],[-74.1997299769708,40.4248537252928],[-74.1997233291702,40.4248726221771],[-74.1997188593248,40.4248918896164],[-74.1997183832688,40.4249097486128],[-74.1997192184257,40.4249275999081],[-74.199721362168,40.4249453873206],[-74.1997248077501,40.4249630548697],[-74.1997306453072,40.4249840191179],[-74.1997383151852,40.425004635728],[-74.1997477826306,40.4250248112784],[-74.1997590047444,40.425044454346],[-74.1997719306762,40.4250634759204],[-74.1997865018552,40.4250817898073],[-74.1998026522547,40.4250993130195],[-74.1998203086923,40.4251159661522]]}},{"type":"Feature","id":57962,"properties":{"OBJECTID":57962,"PRIMENAME":"Division Street","ELEVTYP_F":0,"ELEVTYP_T":0},"geometry":{"type":"LineString","coordinates":[[-74.1982354514672,40.4320758174052],[-74.1984248444179,40.4324459192134]]}},{"type":"Feature","id":57973,"properties":{"OBJECTID":57973,"PRIMENAME":"Broadway","ELEVTYP_F":0,"ELEVTYP_T":0},"geometry":{"type":"LineString","coordinates":[[-74.2097959622683,40.4338591856856],[-74.2097566372957,40.4340733736717],[-74.2097368990122,40.4341853268724]]}},{"type":"Feature","id":58281,"properties":{"OBJECTID":58281,"PRIMENAME":"Green Grove Avenue","ELEVTYP_F":0,"ELEVTYP_T":0},"geometry":{"type":"LineString","coordinates":[[-74.1966227887467,40.4381220599583],[-74.1967057950587,40.4388706066507],[-74.1967132521436,40.4389379373168]]}},{"type":"Feature","id":58303,"properties":{"OBJECTID":58303,"PRIMENAME":"Glenmere Way","ELEVTYP_F":0,"ELEVTYP_T":0},"geometry":{"type":"LineString","coordinates":[[-74.2163578300399,40.4414034582394],[-74.2164478017995,40.4413852590725],[-74.2172156541878,40.4412298422693],[-74.2174085326348,40.4411931724329]]}},{"type":"Feature","id":58494,"properties":{"OBJECTID":58494,"PRIMENAME":"7th Street","ELEVTYP_F":0,"ELEVTYP_T":0},"geometry":{"type":"LineString","coordinates":[[-74.191415035288,40.4355291745453],[-74.191481690192,40.4354872970523],[-74.1926076415879,40.4347801793662],[-74.1926820782673,40.4347332701736]]}},{"type":"Feature","id":58664,"properties":{"OBJECTID":58664,"PRIMENAME":"3rd Street","ELEVTYP_F":0,"ELEVTYP_T":0},"geometry":{"type":"LineString","coordinates":[[-74.2004294934728,40.4364165388028],[-74.1997597126542,40.4366100366512],[-74.199598081814,40.4366575200202]]}},{"type":"Feature","id":59179,"properties":{"OBJECTID":59179,"PRIMENAME":"Walnut Street","ELEVTYP_F":0,"ELEVTYP_T":0},"geometry":{"type":"LineString","coordinates":[[-74.1905603879997,40.4408571853927],[-74.1902838092234,40.4407311838506]]}},{"type":"Feature","id":59345,"properties":{"OBJECTID":59345,"PRIMENAME":"FR NJ 35 SB TO RAMP B111860","ELEVTYP_F":0,"ELEVTYP_T":0},"geometry":{"type":"LineString","coordinates":[[-74.2064307644734,40.4266454688966],[-74.2063255916828,40.4265295678956],[-74.2062256203884,40.4264110090424],[-74.2061309654677,40.4262899286066],[-74.206041735686,40.4261664657553],[-74.2060020916109,40.4260956119377],[-74.2059659683666,40.4260236671053],[-74.2059334172232,40.4259507333931],[-74.2059044843795,40.4258769143393],[-74.2058723822296,40.4257855420601],[-74.205843389313,40.4256935647036],[-74.2058175250908,40.4256010440493],[-74.2057948069227,40.425508042241],[-74.205773837166,40.425383221164],[-74.2057564733478,40.4252632582958],[-74.205741942103,40.4251430757055],[-74.2057246963298,40.4249901325396],[-74.2057099142055,40.4248370387877],[-74.2056975979511,40.4246838176261],[-74.2056877494146,40.4245304922508],[-74.2056851937784,40.4243423766464],[-74.2056795109668,40.4241543010346],[-74.2056834774708,40.4238842215209],[-74.2056945085774,40.4236142565837]]}},{"type":"Feature","id":59589,"properties":{"OBJECTID":59589,"PRIMENAME":"Village Green","ELEVTYP_F":0,"ELEVTYP_T":0},"geometry":{"type":"LineString","coordinates":[[-74.2002704934229,40.4226761925405],[-74.200262493881,40.4226241921385],[-74.2002324938056,40.4224651933403],[-74.2002024940391,40.4223711929808],[-74.2001254928417,40.4222031937339],[-74.2000966850431,40.4221553003125]]}},{"type":"Feature","id":60092,"properties":{"OBJECTID":60092,"PRIMENAME":"Florence Avenue","ELEVTYP_F":0,"ELEVTYP_T":0},"geometry":{"type":"LineString","coordinates":[[-74.186681722487,40.4349075406239],[-74.1863067611413,40.4355033761842]]}},{"type":"Feature","id":60186,"properties":{"OBJECTID":60186,"PRIMENAME":"Division Street","ELEVTYP_F":0,"ELEVTYP_T":0},"geometry":{"type":"LineString","coordinates":[[-74.2004294934728,40.4364165388028],[-74.2011265847035,40.4378193334967],[-74.2011576356561,40.4378819208726]]}},{"type":"Feature","id":60310,"properties":{"OBJECTID":60310,"PRIMENAME":"East Front Street","ELEVTYP_F":0,"ELEVTYP_T":0},"geometry":{"type":"LineString","coordinates":[[-74.2011576356561,40.4378819208726],[-74.2019945042297,40.43762801298],[-74.2020255508179,40.4376185948565]]}},{"type":"Feature","id":60445,"properties":{"OBJECTID":60445,"PRIMENAME":"Broadway","ELEVTYP_F":0,"ELEVTYP_T":0},"geometry":{"type":"LineString","coordinates":[[-74.2101269955254,40.4320565569792],[-74.2100399999597,40.4325302632282]]}},{"type":"Feature","id":60519,"properties":{"OBJECTID":60519,"PRIMENAME":"1st Street","ELEVTYP_F":0,"ELEVTYP_T":0},"geometry":{"type":"LineString","coordinates":[[-74.1926631997595,40.4391950312934],[-74.1919114639799,40.4392443920712],[-74.191662812754,40.4392739258022]]}},{"type":"Feature","id":61530,"properties":{"OBJECTID":61530,"PRIMENAME":"West Front Street","ELEVTYP_F":0,"ELEVTYP_T":0},"geometry":{"type":"LineString","coordinates":[[-74.2106406595802,40.4350614856404],[-74.2097216272618,40.434954947946],[-74.2096031847071,40.4349451253236]]}},{"type":"Feature","id":61548,"properties":{"OBJECTID":61548,"PRIMENAME":"Osborn Street","ELEVTYP_F":0,"ELEVTYP_T":0},"geometry":{"type":"LineString","coordinates":[[-74.199598081814,40.4366575200202],[-74.1992696710729,40.4360130093838],[-74.1989978169616,40.4354808945016]]}},{"type":"Feature","id":61763,"properties":{"OBJECTID":61763,"PRIMENAME":"Main Street","ELEVTYP_F":0,"ELEVTYP_T":0},"geometry":{"type":"LineString","coordinates":[[-74.2119582238795,40.4286933448424],[-74.2119253724184,40.4287566483321],[-74.2118736503514,40.4288380301932],[-74.211864143854,40.4288529877701],[-74.2117842054964,40.4289564739562],[-74.2117042610738,40.4290527666474],[-74.2115915149465,40.429166875905],[-74.211502275654,40.4292524402428],[-74.2113849499764,40.4293450710814],[-74.2112629850348,40.429430552631],[-74.2111363595821,40.4295053164833],[-74.2111158021588,40.4295159440219]]}},{"type":"Feature","id":62951,"properties":{"OBJECTID":62951,"PRIMENAME":"Main Street","ELEVTYP_F":0,"ELEVTYP_T":0},"geometry":{"type":"LineString","coordinates":[[-74.2008838088016,40.432106746765],[-74.200747700181,40.4318371768089],[-74.2007418958639,40.4318256597016]]}},{"type":"Feature","id":63151,"properties":{"OBJECTID":63151,"PRIMENAME":"Perry Street","ELEVTYP_F":0,"ELEVTYP_T":0},"geometry":{"type":"LineString","coordinates":[[-74.2035956780022,40.4271475454584],[-74.2038143403603,40.4279894427733]]}},{"type":"Feature","id":65420,"properties":{"OBJECTID":65420,"PRIMENAME":"2nd Street","ELEVTYP_F":0,"ELEVTYP_T":0},"geometry":{"type":"LineString","coordinates":[[-74.1981562611929,40.4380318048284],[-74.1982876364519,40.4380264377067],[-74.1992738569226,40.4378717105731],[-74.199354283123,40.4378590991454]]}},{"type":"Feature","id":66011,"properties":{"OBJECTID":66011,"PRIMENAME":"Broadway","ELEVTYP_F":0,"ELEVTYP_T":0},"geometry":{"type":"LineString","coordinates":[[-74.2096031847071,40.4349451253236],[-74.2094895400323,40.4355987362239]]}},{"type":"Feature","id":66924,"properties":{"OBJECTID":66924,"PRIMENAME":"Fulton Street","ELEVTYP_F":0,"ELEVTYP_T":0},"geometry":{"type":"LineString","coordinates":[[-74.1916457900665,40.4364896067904],[-74.191708656282,40.4366941791804],[-74.1917519596141,40.4368255133753]]}},{"type":"Feature","id":67260,"properties":{"OBJECTID":67260,"PRIMENAME":"State Street","ELEVTYP_F":0,"ELEVTYP_T":0},"geometry":{"type":"LineString","coordinates":[[-74.1858417355412,40.4424104594153],[-74.1857120542867,40.4424821121143],[-74.1850922049457,40.4427484896708]]}},{"type":"Feature","id":67724,"properties":{"OBJECTID":67724,"PRIMENAME":"FR NJ 36 NB TO GSP NB","ELEVTYP_F":0,"ELEVTYP_T":0},"geometry":{"type":"LineString","coordinates":[[-74.2056945085774,40.4236142565837],[-74.2057453469836,40.4233064330174],[-74.205753278843,40.4232583859317],[-74.2057667765445,40.4231808677857]]}},{"type":"Feature","id":67959,"properties":{"OBJECTID":67959,"PRIMENAME":"Northwest 1st Street","ELEVTYP_F":0,"ELEVTYP_T":0},"geometry":{"type":"LineString","coordinates":[[-74.208895338591,40.4337697628693],[-74.2096702407172,40.4338467086852],[-74.2097959622683,40.4338591856856]]}},{"type":"Feature","id":68011,"properties":{"OBJECTID":68011,"PRIMENAME":"Warren Street","ELEVTYP_F":0,"ELEVTYP_T":0},"geometry":{"type":"LineString","coordinates":[[-74.1981749413782,40.4357185652922],[-74.198491705597,40.4356297078959],[-74.1989978169616,40.4354808945016]]}},{"type":"Feature","id":68479,"properties":{"OBJECTID":68479,"PRIMENAME":"Unnamed Segment","ELEVTYP_F":0,"ELEVTYP_T":0},"geometry":{"type":"LineString","coordinates":[[-74.2007524922647,40.4225981935641],[-74.2010764928872,40.4225511931876]]}},{"type":"Feature","id":69156,"properties":{"OBJECTID":69156,"PRIMENAME":"Green Grove Avenue","ELEVTYP_F":0,"ELEVTYP_T":0},"geometry":{"type":"LineString","coordinates":[[-74.1911698789136,40.4322693872046],[-74.1909226865931,40.4320409059863],[-74.190689652134,40.4318201797006],[-74.1906804927784,40.4318115045418],[-74.1904941677546,40.4316358916184],[-74.1904877801826,40.4316301239274]]}},{"type":"Feature","id":69931,"properties":{"OBJECTID":69931,"PRIMENAME":"1st Street","ELEVTYP_F":0,"ELEVTYP_T":0},"geometry":{"type":"LineString","coordinates":[[-74.1892734463964,40.4399434961336],[-74.1889821598126,40.4400944093377],[-74.1883445200076,40.4403929571716],[-74.1882021410307,40.4404606759944]]}},{"type":"Feature","id":70153,"properties":{"OBJECTID":70153,"PRIMENAME":"FR GSP NB TO NJ 36 SB","ELEVTYP_F":0,"ELEVTYP_T":0},"geometry":{"type":"LineString","coordinates":[[-74.2056390055469,40.4231917978797],[-74.2056287122536,40.4232696440792],[-74.205617581407,40.4233474229337],[-74.2056146952504,40.4233669063819]]}},{"type":"Feature","id":70976,"properties":{"OBJECTID":70976,"PRIMENAME":"Stephen Street","ELEVTYP_F":0,"ELEVTYP_T":0},"geometry":{"type":"LineString","coordinates":[[-74.1853556198155,40.4241862617657],[-74.1856131289772,40.4241483103307],[-74.1861746855169,40.4240831290197],[-74.186299479911,40.4240739415993],[-74.1863708412782,40.4240686998265]]}},{"type":"Feature","id":71212,"properties":{"OBJECTID":71212,"PRIMENAME":"1st Street","ELEVTYP_F":0,"ELEVTYP_T":0},"geometry":{"type":"LineString","coordinates":[[-74.191662812754,40.4392739258022],[-74.1916368591369,40.4392770142204],[-74.1910437482391,40.4394041230543],[-74.1901946299727,40.4395734234179],[-74.1900197877243,40.4396158332849],[-74.1899607288256,40.4396376090864]]}},{"type":"Feature","id":73308,"properties":{"OBJECTID":73308,"PRIMENAME":"Wagon Road","ELEVTYP_F":0,"ELEVTYP_T":0},"geometry":{"type":"LineString","coordinates":[[-74.1834802711962,40.4286896852021],[-74.1835219235805,40.4285939656174],[-74.1839506022174,40.4276085822883],[-74.1839850269718,40.4275293686252]]}},{"type":"Feature","id":74019,"properties":{"OBJECTID":74019,"PRIMENAME":"Fulton Street","ELEVTYP_F":0,"ELEVTYP_T":0},"geometry":{"type":"LineString","coordinates":[[-74.1911481866021,40.4352311021336],[-74.1913963874291,40.4350581386289],[-74.1914214720738,40.4350248521792],[-74.1914403634671,40.4349867721991],[-74.1914405377647,40.434948642262],[-74.1914282246312,40.4349152830102],[-74.1913910291578,40.4348627241393],[-74.1913102509599,40.434795800767],[-74.1910368418876,40.4345710658915],[-74.1910120625658,40.4345376462584],[-74.1909935189748,40.4344994662912]]}},{"type":"Feature","id":74900,"properties":{"OBJECTID":74900,"PRIMENAME":"Sylvan Way","ELEVTYP_F":0,"ELEVTYP_T":0},"geometry":{"type":"LineString","coordinates":[[-74.2119334736511,40.4448391689481],[-74.2119540713046,40.4448961271399],[-74.2121143724243,40.4453397587394],[-74.2121433858484,40.4454200166613]]}},{"type":"Feature","id":75363,"properties":{"OBJECTID":75363,"PRIMENAME":"Evergreen Street","ELEVTYP_F":0,"ELEVTYP_T":0},"geometry":{"type":"LineString","coordinates":[[-74.1883243119774,40.4362495030492],[-74.189615045533,40.4367268175336]]}},{"type":"Feature","id":75677,"properties":{"OBJECTID":75677,"PRIMENAME":"Broadway","ELEVTYP_F":0,"ELEVTYP_T":0},"geometry":{"type":"LineString","coordinates":[[-74.2097368990122,40.4341853268724],[-74.2096031847071,40.4349451253236]]}},{"type":"Feature","id":76382,"properties":{"OBJECTID":76382,"PRIMENAME":"Atlantic Street","ELEVTYP_F":0,"ELEVTYP_T":0},"geometry":{"type":"LineString","coordinates":[[-74.1960519955278,40.4309673675269],[-74.1958705153554,40.4303442123788],[-74.1957380410249,40.4298893220302]]}},{"type":"Feature","id":76704,"properties":{"OBJECTID":76704,"PRIMENAME":"Warren Street","ELEVTYP_F":0,"ELEVTYP_T":0},"geometry":{"type":"LineString","coordinates":[[-74.1989978169616,40.4354808945016],[-74.1998244120822,40.4352377633116]]}},{"type":"Feature","id":76828,"properties":{"OBJECTID":76828,"PRIMENAME":"FR GSP NB TO NJ 36 SB","ELEVTYP_F":0,"ELEVTYP_T":0},"geometry":{"type":"LineString","coordinates":[[-74.2030634443905,40.417446228091],[-74.20314568487,40.4175313196657],[-74.2032305218293,40.4176149089167],[-74.2033179083156,40.4176969495722],[-74.2034077959643,40.4177773962175],[-74.2035001350255,40.4178562043205],[-74.2035948743921,40.4179333302555],[-74.2036919616274,40.418008731328],[-74.2037913429946,40.4180823657984],[-74.2039969814971,40.4182244232739],[-74.2042048049879,40.4183646113309],[-74.2043059128349,40.4184287085133],[-74.2044051927242,40.4184944537655],[-74.2045025986748,40.4185618166417],[-74.2045980855732,40.4186307659468],[-74.2046916091944,40.4187012697507],[-74.2047831262218,40.4187732954037],[-74.2048725942679,40.418846809551],[-74.2049599718935,40.4189217781483],[-74.2050780265076,40.419039422367],[-74.2051896629862,40.4191606714324],[-74.2052721778282,40.4192686896391],[-74.2053488058985,40.4193792120101],[-74.2054194173046,40.4194920512407],[-74.205483892349,40.4196070160989],[-74.2055465609017,40.4197305581892],[-74.2056050471601,40.4198552924704],[-74.2056593123278,40.4199811362509],[-74.2057093204065,40.4201080061033],[-74.2057451023909,40.4202115553938],[-74.2057780416976,40.4203156542334],[-74.2058081238906,40.4204202570421],[-74.2058353357851,40.4205253180187],[-74.2058500347105,40.4206387702799],[-74.2058577315943,40.4207526255178],[-74.2058584093455,40.4208666314425],[-74.2058520664269,40.4209805354289],[-74.2058326292537,40.4211426460986],[-74.2058101030394,40.4213045230653],[-74.2057721074392,40.4215269772262],[-74.2057395939363,40.4217499382847],[-74.2057176056212,40.4220001181888],[-74.2057003149408,40.422250513391],[-74.2056877255048,40.4225010723713],[-74.205679839956,40.4227517435749]]}},{"type":"Feature","id":76871,"properties":{"OBJECTID":76871,"PRIMENAME":"Lower Main Street","ELEVTYP_F":0,"ELEVTYP_T":0},"geometry":{"type":"LineString","coordinates":[[-74.2152865223874,40.4247340342492],[-74.2147164221396,40.4252281576768]]}},{"type":"Feature","id":77070,"properties":{"OBJECTID":77070,"PRIMENAME":"Unnamed Segment","ELEVTYP_F":0,"ELEVTYP_T":0},"geometry":{"type":"LineString","coordinates":[[-74.2008744927353,40.4230941929958],[-74.2011554919618,40.4230581941671]]}},{"type":"Feature","id":77170,"properties":{"OBJECTID":77170,"PRIMENAME":"Holmdel Road","ELEVTYP_F":0,"ELEVTYP_T":0},"geometry":{"type":"LineString","coordinates":[[-74.1921464714091,40.422109572403],[-74.192188424708,40.4223460153055],[-74.1922026993906,40.4224742371984],[-74.1922190583365,40.4226211808785],[-74.1922303499284,40.4227226259371],[-74.1922672354496,40.4228418916729],[-74.1922764640009,40.4228659363592]]}},{"type":"Feature","id":77264,"properties":{"OBJECTID":77264,"PRIMENAME":"Beach Drive","ELEVTYP_F":0,"ELEVTYP_T":0},"geometry":{"type":"LineString","coordinates":[[-74.2095291312188,40.4459092332363],[-74.2093877529743,40.4454711828087],[-74.2093446718051,40.4453376043387],[-74.2093076630092,40.445237423296],[-74.2092643561109,40.4451563055332],[-74.2092022872956,40.4450846377962],[-74.2091623529422,40.4450520143678],[-74.2091028209448,40.44500337779],[-74.2090469478321,40.4449365025465],[-74.2089974460584,40.4448505921002],[-74.2087684361562,40.4444306112944],[-74.2086943126302,40.4442636289118]]}},{"type":"Feature","id":77306,"properties":{"OBJECTID":77306,"PRIMENAME":"Florence Avenue","ELEVTYP_F":0,"ELEVTYP_T":0},"geometry":{"type":"LineString","coordinates":[[-74.1836905831488,40.439687138514],[-74.1835626068388,40.4398938281536],[-74.183301616384,40.440300631125]]}},{"type":"Feature","id":77772,"properties":{"OBJECTID":77772,"PRIMENAME":"Sunset Way","ELEVTYP_F":0,"ELEVTYP_T":0},"geometry":{"type":"LineString","coordinates":[[-74.2109454813864,40.4446691659711],[-74.2108446125918,40.444688431463],[-74.2098238314888,40.4448834973146]]}},{"type":"Feature","id":77980,"properties":{"OBJECTID":77980,"PRIMENAME":"Sherwood Drive","ELEVTYP_F":0,"ELEVTYP_T":0},"geometry":{"type":"LineString","coordinates":[[-74.2149155687876,40.4427089647285],[-74.2147969214623,40.4423534221226],[-74.2147046249549,40.4420795846622]]}},{"type":"Feature","id":78927,"properties":{"OBJECTID":78927,"PRIMENAME":"Williamson Street","ELEVTYP_F":0,"ELEVTYP_T":0},"geometry":{"type":"LineString","coordinates":[[-74.1911698789136,40.4322693872046],[-74.1910845699304,40.4323217017608],[-74.1902567144241,40.4328291853529]]}},{"type":"Feature","id":78966,"properties":{"OBJECTID":78966,"PRIMENAME":"FR CO 516 NB to RT 35 SB","ELEVTYP_F":0,"ELEVTYP_T":0},"geometry":{"type":"LineString","coordinates":[[-74.2109917477832,40.4281593320242],[-74.2109603082739,40.4281737162458],[-74.2109281687198,40.4281871666635],[-74.2108953765906,40.4281996634109],[-74.21086198032,40.4282111880303],[-74.2108280296731,40.4282217235062],[-74.2107935743598,40.4282312542919],[-74.2107586652698,40.4282397663104],[-74.2107233539632,40.4282472469898],[-74.2106475694973,40.4282526395895],[-74.2105715982616,40.4282561791291],[-74.2104955178261,40.4282578619947],[-74.2104194058727,40.4282576864678]]}},{"type":"Feature","id":78973,"properties":{"OBJECTID":78973,"PRIMENAME":"Unnamed Segment","ELEVTYP_F":0,"ELEVTYP_T":0},"geometry":{"type":"LineString","coordinates":[[-74.1943724921569,40.4321511939332],[-74.1940244924684,40.4322571948055]]}},{"type":"Feature","id":79335,"properties":{"OBJECTID":79335,"PRIMENAME":"Sycamore Drive","ELEVTYP_F":0,"ELEVTYP_T":0},"geometry":{"type":"LineString","coordinates":[[-74.1863708412782,40.4240686998265],[-74.1863682716361,40.4240264446503],[-74.1863488641434,40.4236748435809],[-74.1863280164953,40.4232971658974]]}},{"type":"Feature","id":79506,"properties":{"OBJECTID":79506,"PRIMENAME":"Warren Street","ELEVTYP_F":0,"ELEVTYP_T":0},"geometry":{"type":"LineString","coordinates":[[-74.1951015531502,40.4369815360861],[-74.1951613177871,40.4369458968559],[-74.1956866894144,40.4366327405735],[-74.1957752341581,40.4365721687062]]}},{"type":"Feature","id":80098,"properties":{"OBJECTID":80098,"PRIMENAME":"Washington Street","ELEVTYP_F":0,"ELEVTYP_T":0},"geometry":{"type":"LineString","coordinates":[[-74.2111677468214,40.4321694073972],[-74.2113291903271,40.431304371244],[-74.2114149179044,40.4308308814062]]}},{"type":"Feature","id":80135,"properties":{"OBJECTID":80135,"PRIMENAME":"Gull Way","ELEVTYP_F":0,"ELEVTYP_T":0},"geometry":{"type":"LineString","coordinates":[[-74.2041262777805,40.4336644029865],[-74.2041874952532,40.4336141949193],[-74.2042214945673,40.4336071956679],[-74.2042834939097,40.4335791939416],[-74.2043014937362,40.433567195715],[-74.204311494435,40.4335491958733],[-74.2044094953433,40.4332751951209],[-74.2044414941574,40.4332431943102],[-74.2044894941759,40.433225194321],[-74.2049094942283,40.4332061945265],[-74.2049584944699,40.4331941942612],[-74.204983494518,40.4331801945555],[-74.2049944941195,40.4331611947893],[-74.2050004951956,40.4331321941631],[-74.2050114957849,40.4328391951954],[-74.2050024962708,40.4327791940668],[-74.2049794958502,40.4327501950893],[-74.2049364958196,40.4327331956384]]}},{"type":"Feature","id":80187,"properties":{"OBJECTID":80187,"PRIMENAME":"West 2nd Street","ELEVTYP_F":0,"ELEVTYP_T":0},"geometry":{"type":"LineString","coordinates":[[-74.2091175688546,40.4324282964564],[-74.2093490364176,40.4324522952616],[-74.2099364792519,40.4325185834226],[-74.2100399999597,40.4325302632282]]}},{"type":"Feature","id":80217,"properties":{"OBJECTID":80217,"PRIMENAME":"Unnamed Segment","ELEVTYP_F":0,"ELEVTYP_T":0},"geometry":{"type":"LineString","coordinates":[[-74.2007524922647,40.4225981935641],[-74.2008744927353,40.4230941929958]]}},{"type":"Feature","id":80852,"properties":{"OBJECTID":80852,"PRIMENAME":"Lower Main Street","ELEVTYP_F":1,"ELEVTYP_T":1},"geometry":{"type":"LineString","coordinates":[[-74.2170136163184,40.4232858087364],[-74.2169436288838,40.4233323321154],[-74.216860272002,40.4233978748986]]}},{"type":"Feature","id":82473,"properties":{"OBJECTID":82473,"PRIMENAME":"Broadway","ELEVTYP_F":0,"ELEVTYP_T":0},"geometry":{"type":"LineString","coordinates":[[-74.211851300067,40.4226200934602],[-74.2118154870928,40.4227964787615],[-74.2117620675557,40.4230595916345],[-74.2116531401614,40.4237456103021],[-74.2116404464934,40.4238166068876],[-74.2115653319967,40.4242366969653],[-74.2114750305988,40.4247417147322]]}},{"type":"Feature","id":82518,"properties":{"OBJECTID":82518,"PRIMENAME":"East Front Street","ELEVTYP_F":0,"ELEVTYP_T":0},"geometry":{"type":"LineString","coordinates":[[-74.1957517928904,40.4397320825276],[-74.1960473778943,40.4396362034217],[-74.1961598031071,40.4396031176505],[-74.1962534390257,40.4395938376429],[-74.1963345708562,40.4395845256163],[-74.1964218551251,40.4395895039243],[-74.1965589717795,40.4396184682133]]}},{"type":"Feature","id":82602,"properties":{"OBJECTID":82602,"PRIMENAME":"Gregory Street","ELEVTYP_F":0,"ELEVTYP_T":0},"geometry":{"type":"LineString","coordinates":[[-74.1854703114201,40.433825486929],[-74.1854008752261,40.4338316943482],[-74.1853314645567,40.4338364585575],[-74.1852618200336,40.4338383848649],[-74.1851921402354,40.4338374677779],[-74.1851226238415,40.4338337099114],[-74.1847471742613,40.433755355057],[-74.1847198049885,40.4337485481901],[-74.18469341901,40.4337397620493],[-74.1846682608173,40.433729078047],[-74.1846445635251,40.4337165951807],[-74.1846225467108,40.4337024291163],[-74.1846024143804,40.4336867111162],[-74.1845843530777,40.4336695868225],[-74.1845685301564,40.4336512149083],[-74.1845550922288,40.4336317656066],[-74.1845441638079,40.4336114191334],[-74.1845358461532,40.4335903640177],[-74.184530216333,40.4335687953545],[-74.1845273265102,40.4335469129971],[-74.1845272034589,40.4335249197053],[-74.1845298483166,40.4335030192666],[-74.1845352365736,40.4334814146079],[-74.1847693184361,40.4328828678901],[-74.1847806034549,40.4328588292407],[-74.1847952174083,40.4328358615587],[-74.1848129896062,40.4328142331003],[-74.1848337124714,40.4327941964796],[-74.1848571439648,40.4327759857184],[-74.1848830104115,40.4327598135128],[-74.1849110096983,40.4327458687489],[-74.1849408148013,40.432734314297],[-74.1849720776061,40.4327252851094],[-74.1850044329732,40.4327188866439],[-74.1850375030028,40.4327151936324],[-74.1850709014483,40.4327142492081],[-74.1851042382273,40.4327160644014],[-74.1851371239779,40.4327206180117],[-74.1851691746057,40.4327278568542],[-74.1852000157699,40.4327376963818],[-74.1858499980163,40.4328933586237]]}},{"type":"Feature","id":82710,"properties":{"OBJECTID":82710,"PRIMENAME":"Woodmere Drive","ELEVTYP_F":0,"ELEVTYP_T":0},"geometry":{"type":"LineString","coordinates":[[-74.2109454813864,40.4446691659711],[-74.210963009983,40.4447125557468],[-74.2109939274879,40.444784116752],[-74.2110122811542,40.4448025005422]]}},{"type":"Feature","id":82740,"properties":{"OBJECTID":82740,"PRIMENAME":"Middle Road","ELEVTYP_F":0,"ELEVTYP_T":0},"geometry":{"type":"LineString","coordinates":[[-74.1873613744161,40.4298565333623],[-74.1870976162664,40.4297501593267],[-74.1867612088884,40.4296387280201]]}},{"type":"Feature","id":82763,"properties":{"OBJECTID":82763,"PRIMENAME":"Stone Road","ELEVTYP_F":0,"ELEVTYP_T":0},"geometry":{"type":"LineString","coordinates":[[-74.1881311078524,40.4393343447723],[-74.1873957098582,40.4392120862971],[-74.187231470896,40.4391847814062],[-74.1870528318346,40.4391550821299],[-74.1867179675898,40.4390962793708]]}},{"type":"Feature","id":82810,"properties":{"OBJECTID":82810,"PRIMENAME":"Clark Street","ELEVTYP_F":0,"ELEVTYP_T":0},"geometry":{"type":"LineString","coordinates":[[-74.2097668218159,40.4228294693942],[-74.2097737211601,40.4228287725038],[-74.2108340548057,40.4227222813598]]}},{"type":"Feature","id":83175,"properties":{"OBJECTID":83175,"PRIMENAME":"Fulton Street","ELEVTYP_F":0,"ELEVTYP_T":0},"geometry":{"type":"LineString","coordinates":[[-74.1924752348386,40.4374735937146],[-74.1924708150803,40.4374344365502],[-74.1924573800146,40.4372973468507],[-74.1924469884743,40.4371912895832],[-74.1924385450784,40.4371476374259],[-74.1924165567968,40.4370339659134],[-74.1924119127096,40.4370197351562],[-74.1922873354199,40.4366380447964],[-74.1922043581609,40.4363806506818]]}},{"type":"Feature","id":83386,"properties":{"OBJECTID":83386,"PRIMENAME":"Division Street","ELEVTYP_F":0,"ELEVTYP_T":0},"geometry":{"type":"LineString","coordinates":[[-74.1989068964107,40.4334251929519],[-74.1989564250246,40.433524395087],[-74.1993769123199,40.4343511225276]]}},{"type":"Feature","id":84546,"properties":{"OBJECTID":84546,"PRIMENAME":"FR CO 516 WB to RT 36 SB","ELEVTYP_F":0,"ELEVTYP_T":0},"geometry":{"type":"LineString","coordinates":[[-74.1860865693792,40.4294308459793],[-74.186126052626,40.4294917311296],[-74.1861712440106,40.4295614436313],[-74.1861891490873,40.4296275956736],[-74.1861934525456,40.4296832795717],[-74.186186755372,40.430142581033],[-74.1861773275914,40.4302156595581],[-74.1861542929825,40.4302712413221],[-74.1861222026291,40.430319852754],[-74.186049011513,40.4303927302181],[-74.185937743959,40.4305034977381]]}},{"type":"Feature","id":84623,"properties":{"OBJECTID":84623,"PRIMENAME":"Atlantic Street","ELEVTYP_F":0,"ELEVTYP_T":0},"geometry":{"type":"LineString","coordinates":[[-74.1978908245124,40.4371415990621],[-74.1978432196976,40.4369815687364],[-74.1975299956333,40.4359097824232]]}},{"type":"Feature","id":84906,"properties":{"OBJECTID":84906,"PRIMENAME":"Maple Place","ELEVTYP_F":0,"ELEVTYP_T":0},"geometry":{"type":"LineString","coordinates":[[-74.208733160918,40.4296089833779],[-74.2084878022296,40.4297596231718],[-74.2079812946643,40.4300728308212],[-74.2075544974061,40.430336302741],[-74.2069432756602,40.4307204140372],[-74.2066820829669,40.4308845518629],[-74.206086487318,40.4312511924689],[-74.2059832498148,40.4313152771619],[-74.2058988571039,40.4313579420248],[-74.2057957647824,40.4313970179216],[-74.205636584539,40.4314466568517],[-74.2053742498184,40.4315246100661],[-74.205050682831,40.4316145119988]]}},{"type":"Feature","id":85007,"properties":{"OBJECTID":85007,"PRIMENAME":"Willow Drive","ELEVTYP_F":0,"ELEVTYP_T":0},"geometry":{"type":"LineString","coordinates":[[-74.2004075123042,40.4276888264417],[-74.200447666993,40.4277710662815],[-74.2006268704114,40.4281385030804]]}},{"type":"Feature","id":86189,"properties":{"OBJECTID":86189,"PRIMENAME":"Maple Place","ELEVTYP_F":0,"ELEVTYP_T":0},"geometry":{"type":"LineString","coordinates":[[-74.1969601867152,40.4339924726416],[-74.1967701107954,40.4340473438274],[-74.1964703444587,40.4341359394497],[-74.196245523343,40.4341996952265],[-74.1960033432337,40.4342727112377]]}},{"type":"Feature","id":86324,"properties":{"OBJECTID":86324,"PRIMENAME":"Osborn Street","ELEVTYP_F":0,"ELEVTYP_T":0},"geometry":{"type":"LineString","coordinates":[[-74.1989978169616,40.4354808945016],[-74.198589456077,40.4346815661144],[-74.1985462637773,40.4345950082415]]}},{"type":"Feature","id":86426,"properties":{"OBJECTID":86426,"PRIMENAME":"Main Street","ELEVTYP_F":0,"ELEVTYP_T":0},"geometry":{"type":"LineString","coordinates":[[-74.2111158021588,40.4295159440219],[-74.2110332473626,40.4295586712823],[-74.210906714513,40.4296119683283],[-74.210813018757,40.4296474480317],[-74.2107380477635,40.4296722965066],[-74.2106397741189,40.4296863527706],[-74.2105612984181,40.4296907414985]]}},{"type":"Feature","id":86549,"properties":{"OBJECTID":86549,"PRIMENAME":"Unnamed Segment","ELEVTYP_F":0,"ELEVTYP_T":0},"geometry":{"type":"LineString","coordinates":[[-74.1913545284505,40.4226970366512],[-74.1912161911255,40.4229778216013],[-74.1910717996551,40.4229835665517],[-74.1909995191927,40.4230048248893],[-74.1907680832158,40.4236294164621],[-74.1908118854217,40.4236969583628],[-74.1910481320707,40.4237742075059],[-74.1913326138751,40.4238270685778],[-74.1913849264459,40.4237873656301],[-74.1914618048734,40.4236373986828],[-74.1915548372806,40.423462956601],[-74.1916474190427,40.423386584141],[-74.1917325548101,40.4231845377854],[-74.1917450868927,40.423074239851],[-74.1917135247981,40.422960759463],[-74.1917991498466,40.422823572284]]}},{"type":"Feature","id":87176,"properties":{"OBJECTID":87176,"PRIMENAME":"Hurley Street","ELEVTYP_F":0,"ELEVTYP_T":0},"geometry":{"type":"LineString","coordinates":[[-74.194944521341,40.433077123992],[-74.1949793617052,40.4330469093644],[-74.1950356051011,40.4330184813162],[-74.1952229719192,40.4329665428178],[-74.1955749353983,40.4328614521326]]}},{"type":"Feature","id":87328,"properties":{"OBJECTID":87328,"PRIMENAME":"Unnamed Segment","ELEVTYP_F":0,"ELEVTYP_T":0},"geometry":{"type":"LineString","coordinates":[[-74.1987912172305,40.4232537325018],[-74.1989498241152,40.4233249964071],[-74.1989957928089,40.4234111490256],[-74.1991056253413,40.4237871764668]]}},{"type":"Feature","id":87568,"properties":{"OBJECTID":87568,"PRIMENAME":"Unnamed Segment","ELEVTYP_F":0,"ELEVTYP_T":0},"geometry":{"type":"LineString","coordinates":[[-74.1956794927835,40.431786194976],[-74.1954434909491,40.4312851946345],[-74.1952164899976,40.4313561946674],[-74.1954834921125,40.4318771938901]]}},{"type":"Feature","id":87730,"properties":{"OBJECTID":87730,"PRIMENAME":"FR GSP NB TO NJ 36 SB","ELEVTYP_F":0,"ELEVTYP_T":0},"geometry":{"type":"LineString","coordinates":[[-74.2056610166248,40.4229993641639],[-74.2056506453485,40.4230956233962],[-74.2056390055469,40.4231917978797]]}},{"type":"Feature","id":88061,"properties":{"OBJECTID":88061,"PRIMENAME":"Brookside Avenue","ELEVTYP_F":0,"ELEVTYP_T":0},"geometry":{"type":"LineString","coordinates":[[-74.2148489574301,40.446296550747],[-74.2149300144688,40.4462808561846],[-74.2156605326414,40.4461396608723],[-74.2158636467821,40.4460990650299]]}},{"type":"Feature","id":89264,"properties":{"OBJECTID":89264,"PRIMENAME":"Julia Lane","ELEVTYP_F":0,"ELEVTYP_T":0},"geometry":{"type":"LineString","coordinates":[[-74.1854703114201,40.433825486929],[-74.1858499980163,40.4328933586237]]}},{"type":"Feature","id":89745,"properties":{"OBJECTID":89745,"PRIMENAME":"Main Street","ELEVTYP_F":0,"ELEVTYP_T":0},"geometry":{"type":"LineString","coordinates":[[-74.2012091976381,40.4327512733581],[-74.2008838088016,40.432106746765]]}},{"type":"Feature","id":90509,"properties":{"OBJECTID":90509,"PRIMENAME":"Church Street","ELEVTYP_F":0,"ELEVTYP_T":0},"geometry":{"type":"LineString","coordinates":[[-74.1987740601119,40.4368996673166],[-74.1990264823262,40.4373992567387],[-74.1990882206489,40.4375328589552],[-74.1991626257712,40.4376378906775],[-74.1993239722227,40.4378241844691],[-74.199354283123,40.4378590991454]]}},{"type":"Feature","id":91342,"properties":{"OBJECTID":91342,"PRIMENAME":"Monroe Street","ELEVTYP_F":0,"ELEVTYP_T":0},"geometry":{"type":"LineString","coordinates":[[-74.1929060743475,40.4290396657088],[-74.1943695336307,40.428603494915],[-74.1952705647699,40.42832847491]]}},{"type":"Feature","id":93089,"properties":{"OBJECTID":93089,"PRIMENAME":"Unnamed Segment","ELEVTYP_F":0,"ELEVTYP_T":0},"geometry":{"type":"LineString","coordinates":[[-74.196740861685,40.4255071312139],[-74.1970263306714,40.425188684104],[-74.1974017915204,40.4251214041477],[-74.1983556332861,40.4255505423627]]}},{"type":"Feature","id":93808,"properties":{"OBJECTID":93808,"PRIMENAME":"Welstead Way","ELEVTYP_F":0,"ELEVTYP_T":0},"geometry":{"type":"LineString","coordinates":[[-74.2174085326348,40.4411931724329],[-74.2173407946051,40.4411443353722],[-74.2166504896345,40.4406470073498],[-74.2165714692225,40.440590098569]]}},{"type":"Feature","id":94155,"properties":{"OBJECTID":94155,"PRIMENAME":"FR RT 35 SB to CO 516","ELEVTYP_F":0,"ELEVTYP_T":0},"geometry":{"type":"LineString","coordinates":[[-74.2116910079668,40.428505211183],[-74.2116007503292,40.4284658916747],[-74.2115091280687,40.4284284607426],[-74.2114162088366,40.4283929460239],[-74.2113220612416,40.4283593737406],[-74.2112892489944,40.4283444918594],[-74.2112594720955,40.4283262595846],[-74.2112333121166,40.4283050330118],[-74.2112112799855,40.4282812267179],[-74.2111938066135,40.4282553056022],[-74.2111812327205,40.4282277760447],[-74.2111788311004,40.4281936301061],[-74.2111853262795,40.4281597970382],[-74.2112004609381,40.4281276171395],[-74.211223635505,40.428098365216],[-74.2112453679734,40.4280818386862],[-74.2114006731792,40.4279946282713],[-74.211560047013,40.4278970515057],[-74.2116290443235,40.4278401238493],[-74.2116570163434,40.4278176838807],[-74.2116834734888,40.4277964469872],[-74.2117300116587,40.4277752601584],[-74.2117796185461,40.4277670934299],[-74.2118208486543,40.4277661075752],[-74.2118619412593,40.4277688612232],[-74.2119023176415,40.4277753155936],[-74.2119414091679,40.4277853797876],[-74.2119905848235,40.4278041618282],[-74.2120352704306,40.4278286339799],[-74.2120743481926,40.4278581840824],[-74.2121068405872,40.4278920729518]]}},{"type":"Feature","id":94244,"properties":{"OBJECTID":94244,"PRIMENAME":"Atlantic Street","ELEVTYP_F":0,"ELEVTYP_T":0},"geometry":{"type":"LineString","coordinates":[[-74.1957380410249,40.4298893220302],[-74.1955384932941,40.429981195267]]}},{"type":"Feature","id":97414,"properties":{"OBJECTID":97414,"PRIMENAME":"Maple Place","ELEVTYP_F":0,"ELEVTYP_T":0},"geometry":{"type":"LineString","coordinates":[[-74.2012091976381,40.4327512733581],[-74.2006577139623,40.4329136778035],[-74.1997945675164,40.4331674531081]]}},{"type":"Feature","id":99833,"properties":{"OBJECTID":99833,"PRIMENAME":"Luppatatong Avenue","ELEVTYP_F":0,"ELEVTYP_T":0},"geometry":{"type":"LineString","coordinates":[[-74.2091498029635,40.4273394828756],[-74.2090471077098,40.4279216927788],[-74.2090254566942,40.4280444569676]]}},{"type":"Feature","id":101671,"properties":{"OBJECTID":101671,"PRIMENAME":"Middle Road","ELEVTYP_F":0,"ELEVTYP_T":0},"geometry":{"type":"LineString","coordinates":[[-74.1895832643326,40.4310130440098],[-74.1893703375781,40.4308894067588],[-74.1887218247027,40.4305266190389],[-74.1881071521395,40.4301963123118]]}},{"type":"Feature","id":102860,"properties":{"OBJECTID":102860,"PRIMENAME":"Wooley Street","ELEVTYP_F":0,"ELEVTYP_T":0},"geometry":{"type":"LineString","coordinates":[[-74.2145819784326,40.4226683457947],[-74.2145164175738,40.4227212479786],[-74.2139220007915,40.4232011162066],[-74.2131021508439,40.4238901519968],[-74.2130770190829,40.42393774531],[-74.2130721471001,40.4239610778641],[-74.2130451934362,40.4240901873713],[-74.2129657551664,40.424500035421],[-74.2129325579135,40.4247063738544]]}},{"type":"Feature","id":103258,"properties":{"OBJECTID":103258,"PRIMENAME":"Oyster Creek Drive","ELEVTYP_F":0,"ELEVTYP_T":0},"geometry":{"type":"LineString","coordinates":[[-74.2049364958196,40.4327331956384],[-74.2048544955754,40.432429194815],[-74.2048264961073,40.4323051951662],[-74.2047674948277,40.432238194453]]}},{"type":"Feature","id":104118,"properties":{"OBJECTID":104118,"PRIMENAME":"Sycamore Drive","ELEVTYP_F":0,"ELEVTYP_T":0},"geometry":{"type":"LineString","coordinates":[[-74.1862893375682,40.426457977234],[-74.1863145560585,40.4261948115848],[-74.1863587725777,40.4256694261447]]}},{"type":"Feature","id":104985,"properties":{"OBJECTID":104985,"PRIMENAME":"Broad Street","ELEVTYP_F":0,"ELEVTYP_T":0},"geometry":{"type":"LineString","coordinates":[[-74.1967048569359,40.4270452056002],[-74.1967136520836,40.4270625777287],[-74.1970613806717,40.4277497799346],[-74.1970894313541,40.4278067604545]]}},{"type":"Feature","id":105012,"properties":{"OBJECTID":105012,"PRIMENAME":"Brook Avenue","ELEVTYP_F":0,"ELEVTYP_T":0},"geometry":{"type":"LineString","coordinates":[[-74.1946434093391,40.4324630613187],[-74.1953009432805,40.4322709332467],[-74.1953633299683,40.4322662936345],[-74.1953882318224,40.4322806884403],[-74.1954067193375,40.4323236166494]]}},{"type":"Feature","id":105515,"properties":{"OBJECTID":105515,"PRIMENAME":"Unnamed Segment","ELEVTYP_F":0,"ELEVTYP_T":0},"geometry":{"type":"LineString","coordinates":[[-74.1874662496523,40.4216724873367],[-74.1874842641308,40.4218375751043],[-74.1871701051072,40.4225494639379],[-74.187453330225,40.4226294224698],[-74.1876060326878,40.4226298351641],[-74.1877856778801,40.4227011784268],[-74.1879379760374,40.4227891193856],[-74.1883303161419,40.4228610347843],[-74.1883850638177,40.4228153333711],[-74.1884239510689,40.42266122034],[-74.1884853455703,40.4223571173645],[-74.188530071772,40.4221196574836],[-74.1886386840257,40.4219771496154]]}},{"type":"Feature","id":107015,"properties":{"OBJECTID":107015,"PRIMENAME":"West Street","ELEVTYP_F":0,"ELEVTYP_T":0},"geometry":{"type":"LineString","coordinates":[[-74.1850922049457,40.4427484896708],[-74.1851924562995,40.442885773296],[-74.1857504408388,40.4436212354665]]}},{"type":"Feature","id":107798,"properties":{"OBJECTID":107798,"PRIMENAME":"3rd Street","ELEVTYP_F":0,"ELEVTYP_T":0},"geometry":{"type":"LineString","coordinates":[[-74.199598081814,40.4366575200202],[-74.1987740601119,40.4368996673166]]}},{"type":"Feature","id":108065,"properties":{"OBJECTID":108065,"PRIMENAME":"Rollo Place","ELEVTYP_F":0,"ELEVTYP_T":0},"geometry":{"type":"LineString","coordinates":[[-74.2109610181331,40.42752531525],[-74.2108262613865,40.4275115271971],[-74.2100374738567,40.4274305734546]]}},{"type":"Feature","id":108124,"properties":{"OBJECTID":108124,"PRIMENAME":"Amboy Road","ELEVTYP_F":0,"ELEVTYP_T":0},"geometry":{"type":"LineString","coordinates":[[-74.2194500638401,40.4366834332817],[-74.2190895769484,40.4365270173531],[-74.2185540771824,40.4362969343018],[-74.2183050615622,40.4361867135888],[-74.2182549641762,40.4361659497354],[-74.218143168856,40.4361196112815],[-74.2180186129591,40.4360764280615],[-74.2179189489404,40.4360428044981],[-74.2177943490402,40.4360186721739],[-74.2176135439067,40.4359896263477],[-74.2171085903764,40.4359312102022],[-74.2165723805439,40.4358726873084],[-74.215980167987,40.4358045271069],[-74.2153318247893,40.4357314486781],[-74.2149821381678,40.4356923900546],[-74.2144890926909,40.435637316089],[-74.214459009211,40.4356339562549],[-74.2142220911082,40.4356047944402],[-74.2141224460098,40.4355759428454],[-74.2141055241667,40.4355710924815],[-74.2139818278622,40.4355356345315],[-74.2139044223814,40.4355134457654],[-74.2136532691098,40.4354380951418],[-74.2135856717916,40.4354178163957]]}},{"type":"Feature","id":108444,"properties":{"OBJECTID":108444,"PRIMENAME":"Provost Avenue","ELEVTYP_F":0,"ELEVTYP_T":0},"geometry":{"type":"LineString","coordinates":[[-74.2114149179044,40.4308308814062],[-74.2116825302661,40.430860811819],[-74.2124269356815,40.4309385151165]]}},{"type":"Feature","id":108587,"properties":{"OBJECTID":108587,"PRIMENAME":"Glen Avenue","ELEVTYP_F":0,"ELEVTYP_T":0},"geometry":{"type":"LineString","coordinates":[[-74.1874417952271,40.4255600265523],[-74.1875709392703,40.4255738546109],[-74.1877080532455,40.4255885272395],[-74.1877828681452,40.4255982824032],[-74.1878824507406,40.4256271286358],[-74.1879697573353,40.4256464425857],[-74.1880630829263,40.4256848248808],[-74.1881315286806,40.425727889074],[-74.1881999478002,40.425761427069],[-74.1882682997779,40.4258092679306],[-74.188361543595,40.4258810302408],[-74.1885168014379,40.4260196403604],[-74.1888211716144,40.4262825952778],[-74.1888696818342,40.4263258251292]]}},{"type":"Feature","id":108793,"properties":{"OBJECTID":108793,"PRIMENAME":"Holmdel Road","ELEVTYP_F":0,"ELEVTYP_T":0},"geometry":{"type":"LineString","coordinates":[[-74.1928660777438,40.423554289606],[-74.1929710495752,40.4236625094486],[-74.1931295730219,40.4238259365895],[-74.1936631513078,40.4244231063609],[-74.1936663532561,40.4244264841458],[-74.1938307438338,40.4245998995597],[-74.1938575063863,40.424623249316]]}},{"type":"Feature","id":109163,"properties":{"OBJECTID":109163,"PRIMENAME":"Walnut Street","ELEVTYP_F":0,"ELEVTYP_T":0},"geometry":{"type":"LineString","coordinates":[[-74.1910950120035,40.4411007655247],[-74.1905603879997,40.4408571853927]]}},{"type":"Feature","id":109282,"properties":{"OBJECTID":109282,"PRIMENAME":"Stone Road","ELEVTYP_F":0,"ELEVTYP_T":0},"geometry":{"type":"LineString","coordinates":[[-74.1882256345579,40.4393434124904],[-74.1881311078524,40.4393343447723]]}},{"type":"Feature","id":110404,"properties":{"OBJECTID":110404,"PRIMENAME":"Hurley Street","ELEVTYP_F":0,"ELEVTYP_T":0},"geometry":{"type":"LineString","coordinates":[[-74.1940403425286,40.433881756224],[-74.1944402971967,40.4336364636307],[-74.1945654304453,40.4335557843858],[-74.1945723045745,40.4335510381586],[-74.1946342272644,40.4335082835143],[-74.1947597125807,40.4333418189842],[-74.1949355414014,40.433084924161],[-74.194944521341,40.433077123992]]}},{"type":"Feature","id":110606,"properties":{"OBJECTID":110606,"PRIMENAME":"Clark Street","ELEVTYP_F":0,"ELEVTYP_T":0},"geometry":{"type":"LineString","coordinates":[[-74.2108340548057,40.4227222813598],[-74.2112839878183,40.4226770839469],[-74.211851300067,40.4226200934602]]}},{"type":"Feature","id":110989,"properties":{"OBJECTID":110989,"PRIMENAME":"Johnson Avenue","ELEVTYP_F":0,"ELEVTYP_T":0},"geometry":{"type":"LineString","coordinates":[[-74.1850428763451,40.4409448860425],[-74.184419031036,40.440726432443],[-74.1842873445001,40.4406803195225]]}},{"type":"Feature","id":111015,"properties":{"OBJECTID":111015,"PRIMENAME":"Division Street","ELEVTYP_F":0,"ELEVTYP_T":0},"geometry":{"type":"LineString","coordinates":[[-74.1998244120822,40.4352377633116],[-74.2001063526938,40.4358055074498],[-74.200403285517,40.4363638735099],[-74.2004294934728,40.4364165388028]]}},{"type":"Feature","id":111111,"properties":{"OBJECTID":111111,"PRIMENAME":"Willow Street","ELEVTYP_F":0,"ELEVTYP_T":0},"geometry":{"type":"LineString","coordinates":[[-74.186681722487,40.4349075406239],[-74.1867604451366,40.4349366608897],[-74.1886034999363,40.4356184033095],[-74.1887013814306,40.4356533928897]]}},{"type":"Feature","id":111171,"properties":{"OBJECTID":111171,"PRIMENAME":"Woodmere Drive","ELEVTYP_F":0,"ELEVTYP_T":0},"geometry":{"type":"LineString","coordinates":[[-74.2153930723982,40.4412539749161],[-74.215500176597,40.4412542385415],[-74.2156187868954,40.4412354782443],[-74.2157936187837,40.4411930017155],[-74.2159872482849,40.4411315198762],[-74.2161059785619,40.4410841550618],[-74.2162212716128,40.4410168253169]]}},{"type":"Feature","id":111502,"properties":{"OBJECTID":111502,"PRIMENAME":"Therese Avenue","ELEVTYP_F":0,"ELEVTYP_T":0},"geometry":{"type":"LineString","coordinates":[[-74.212177278705,40.4322833505686],[-74.2119620737708,40.4334912610408]]}},{"type":"Feature","id":112481,"properties":{"OBJECTID":112481,"PRIMENAME":"4th Street","ELEVTYP_F":0,"ELEVTYP_T":0},"geometry":{"type":"LineString","coordinates":[[-74.2105612984181,40.4296907414985],[-74.2103918342123,40.4296857319575],[-74.2102702814818,40.4296747214869],[-74.2100786030108,40.4296563704568],[-74.2098121070725,40.4296270966006],[-74.209646433326,40.4296094964108]]}},{"type":"Feature","id":112483,"properties":{"OBJECTID":112483,"PRIMENAME":"Main Street","ELEVTYP_F":0,"ELEVTYP_T":0},"geometry":{"type":"LineString","coordinates":[[-74.2016817918103,40.4336773102393],[-74.2012608356471,40.4328536087976],[-74.2012091976381,40.4327512733581]]}},{"type":"Feature","id":112501,"properties":{"OBJECTID":112501,"PRIMENAME":"Orchard Street","ELEVTYP_F":0,"ELEVTYP_T":0},"geometry":{"type":"LineString","coordinates":[[-74.1848012292447,40.4378816365882],[-74.1848940899037,40.4379150242604],[-74.1851743216625,40.4380159037275],[-74.1853984883175,40.4380975228909],[-74.1855540877826,40.4381599048136],[-74.1856537518642,40.4381983053265],[-74.185753425042,40.4382271815145],[-74.1858780317813,40.4382560965464],[-74.1861023772918,40.4382996132727],[-74.18638281969,40.4383480299261],[-74.1868441046381,40.4384160150498],[-74.1869466091505,40.4384310892726]]}},{"type":"Feature","id":113372,"properties":{"OBJECTID":113372,"PRIMENAME":"Maple Place","ELEVTYP_F":0,"ELEVTYP_T":0},"geometry":{"type":"LineString","coordinates":[[-74.2129660414256,40.4267482139289],[-74.2126859465582,40.4269963393942],[-74.2124558789215,40.4271959449454],[-74.2122680640679,40.4273598853103],[-74.2120807960116,40.4275214112056]]}},{"type":"Feature","id":113523,"properties":{"OBJECTID":113523,"PRIMENAME":"Pine Street","ELEVTYP_F":0,"ELEVTYP_T":0},"geometry":{"type":"LineString","coordinates":[[-74.1910950120035,40.4411007655247],[-74.1911630938891,40.441062570285],[-74.1934018773966,40.4398055385493],[-74.1934583943164,40.4397738174943]]}},{"type":"Feature","id":115225,"properties":{"OBJECTID":115225,"PRIMENAME":"Monroe Street","ELEVTYP_F":0,"ELEVTYP_T":0},"geometry":{"type":"LineString","coordinates":[[-74.1970894313541,40.4278067604545],[-74.1973608171275,40.4277201197605],[-74.1979994218649,40.4275295036006]]}},{"type":"Feature","id":115397,"properties":{"OBJECTID":115397,"PRIMENAME":"Galewood Drive","ELEVTYP_F":0,"ELEVTYP_T":0},"geometry":{"type":"LineString","coordinates":[[-74.1874417952271,40.4255600265523],[-74.1874596804061,40.4253591021364],[-74.1874619773002,40.4253351701924],[-74.187479343253,40.4251542286991],[-74.1874927113508,40.4249588364037],[-74.1874999544633,40.4247444041912],[-74.1874762688373,40.4244679296238],[-74.1874743731776,40.4244428614412]]}},{"type":"Feature","id":116485,"properties":{"OBJECTID":116485,"PRIMENAME":"Washington Street","ELEVTYP_F":0,"ELEVTYP_T":0},"geometry":{"type":"LineString","coordinates":[[-74.2128545719279,40.4280522508291],[-74.2129005885891,40.4280838191127],[-74.2137707101231,40.4273187046806],[-74.2136412773699,40.4272269429257]]}},{"type":"Feature","id":116491,"properties":{"OBJECTID":116491,"PRIMENAME":"Broadway","ELEVTYP_F":0,"ELEVTYP_T":0},"geometry":{"type":"LineString","coordinates":[[-74.1859171595894,40.4412510294849],[-74.1853333406236,40.4413904054002],[-74.1845025469711,40.4416359456208],[-74.1844269615756,40.4416566854797]]}},{"type":"Feature","id":117659,"properties":{"OBJECTID":117659,"PRIMENAME":"FR NJ 36 NB TO GSP NB","ELEVTYP_F":0,"ELEVTYP_T":0},"geometry":{"type":"LineString","coordinates":[[-74.198558326621,40.4264548198764],[-74.1987005670897,40.4263991431739],[-74.1988416959412,40.4263418383625],[-74.1989816812681,40.426282918399],[-74.1991204914217,40.4262223966055],[-74.1993850506765,40.4261042382054],[-74.1996453711844,40.4259807042998],[-74.1997770924771,40.4259135005189],[-74.1999106302804,40.4258484242852],[-74.2000459257631,40.4257855042661],[-74.2001829193204,40.4257247681792],[-74.2003612150352,40.4256377553676],[-74.2005422404123,40.4255540992443],[-74.2006617927188,40.4254956626747]]}},{"type":"Feature","id":118944,"properties":{"OBJECTID":118944,"PRIMENAME":"Main Street","ELEVTYP_F":0,"ELEVTYP_T":0},"geometry":{"type":"LineString","coordinates":[[-74.1998125188094,40.4299948096842],[-74.1993665461476,40.4291120159919]]}},{"type":"Feature","id":119108,"properties":{"OBJECTID":119108,"PRIMENAME":"Waverly Street","ELEVTYP_F":0,"ELEVTYP_T":0},"geometry":{"type":"LineString","coordinates":[[-74.193856699535,40.4382842541359],[-74.1939293338823,40.4390396381769],[-74.1939330520709,40.439078271948],[-74.1939365046545,40.4391141328469]]}},{"type":"Feature","id":119344,"properties":{"OBJECTID":119344,"PRIMENAME":"South Concourse","ELEVTYP_F":0,"ELEVTYP_T":0},"geometry":{"type":"LineString","coordinates":[[-74.2164590458429,40.4445581630229],[-74.2155906975169,40.4447289742788]]}},{"type":"Feature","id":119515,"properties":{"OBJECTID":119515,"PRIMENAME":"Florence Avenue","ELEVTYP_F":0,"ELEVTYP_T":0},"geometry":{"type":"LineString","coordinates":[[-74.1895832643326,40.4310130440098],[-74.1888330655165,40.4318158254143],[-74.1883316687426,40.4323530200644],[-74.1882966240221,40.4323942541772],[-74.1881498000168,40.4325670090673],[-74.1880368528768,40.4327144760348],[-74.1878235433138,40.4330329593291],[-74.1878170204856,40.4330426974528],[-74.1874949320045,40.4335681317832],[-74.1872902868881,40.4339019771664],[-74.1872074366123,40.4340371300777],[-74.1871865468105,40.4340718274627]]}},{"type":"Feature","id":119751,"properties":{"OBJECTID":119751,"PRIMENAME":"FR RAMP A111840 TO CLARK ST","ELEVTYP_F":0,"ELEVTYP_T":0},"geometry":{"type":"LineString","coordinates":[[-74.2056610166248,40.4229993641639],[-74.2056527161718,40.4230179306909],[-74.2056427342449,40.4230360072099],[-74.2056311198895,40.4230535049012],[-74.2056179301719,40.423070337789],[-74.2056032298996,40.4230864231638],[-74.2055870913021,40.4231016819894],[-74.2055695936764,40.4231160392904],[-74.2055508229976,40.4231294245213],[-74.2055109612376,40.4231512885712],[-74.2054705491084,40.4231725543313],[-74.205429601982,40.4231932137124],[-74.2053881354339,40.4232132588556]]}},{"type":"Feature","id":119911,"properties":{"OBJECTID":119911,"PRIMENAME":"Ash Street","ELEVTYP_F":0,"ELEVTYP_T":0},"geometry":{"type":"LineString","coordinates":[[-74.1850124045295,40.4440339097737],[-74.1844545140132,40.443279338204],[-74.1843116698695,40.4430840148645]]}},{"type":"Feature","id":119933,"properties":{"OBJECTID":119933,"PRIMENAME":"Maple Place","ELEVTYP_F":0,"ELEVTYP_T":0},"geometry":{"type":"LineString","coordinates":[[-74.208733160918,40.4296089833779],[-74.208852676812,40.4295341493191],[-74.2089138013732,40.429495876472]]}},{"type":"Feature","id":120335,"properties":{"OBJECTID":120335,"PRIMENAME":"West Jack Street","ELEVTYP_F":0,"ELEVTYP_T":0},"geometry":{"type":"LineString","coordinates":[[-74.1862142455284,40.4272421203914],[-74.1864777962859,40.4273057271621],[-74.1866335192009,40.4273442518723],[-74.1867269922768,40.4273588073698],[-74.1868392023859,40.4273686644638],[-74.187076044065,40.4273978830893],[-74.187220049325,40.4274068928017]]}},{"type":"Feature","id":121734,"properties":{"OBJECTID":121734,"PRIMENAME":"Fulton Street","ELEVTYP_F":0,"ELEVTYP_T":0},"geometry":{"type":"LineString","coordinates":[[-74.1925746947679,40.4383620258928],[-74.1925607432673,40.4382305782617],[-74.1924832822898,40.4375446602882]]}},{"type":"Feature","id":122381,"properties":{"OBJECTID":122381,"PRIMENAME":"Atlantic Street","ELEVTYP_F":0,"ELEVTYP_T":0},"geometry":{"type":"LineString","coordinates":[[-74.1939701881243,40.4247108162187],[-74.1940358384883,40.4247529364623],[-74.194216222503,40.4248582781068],[-74.1942347771512,40.424869637438]]}},{"type":"Feature","id":122389,"properties":{"OBJECTID":122389,"PRIMENAME":"Broad Street","ELEVTYP_F":0,"ELEVTYP_T":0},"geometry":{"type":"LineString","coordinates":[[-74.2024787889268,40.4391032554687],[-74.2024773438071,40.4391005768498],[-74.2024744932954,40.4390952989706],[-74.2024068797656,40.4388663714707],[-74.2023316140996,40.4385885879313]]}},{"type":"Feature","id":122633,"properties":{"OBJECTID":122633,"PRIMENAME":"FR RAMP A111840 TO NJ 35 SB","ELEVTYP_F":0,"ELEVTYP_T":0},"geometry":{"type":"LineString","coordinates":[[-74.2056146952504,40.4233669063819],[-74.2055979992571,40.4234724704655],[-74.2055810161214,40.4235338782835],[-74.2055607102801,40.4235946940202],[-74.2055371167698,40.4236548127149],[-74.2055102763013,40.4237141306097],[-74.20548023519,40.4237725453286],[-74.2054470452753,40.423829956054],[-74.2054107638316,40.4238862637009],[-74.2053714534697,40.4239413710878],[-74.2053108883479,40.4240177493466],[-74.2052446115042,40.4240913054359],[-74.2051728474329,40.4241617901851],[-74.2050958392186,40.4242289648268],[-74.2050241714107,40.4242841907879],[-74.2049490453788,40.4243366638005],[-74.2048706419663,40.4243862575464],[-74.2047891499074,40.4244328526381],[-74.204704765373,40.4244763369069],[-74.2046176914981,40.4245166056723],[-74.204528137893,40.4245535619945],[-74.2044363201389,40.4245871169076],[-74.2043474005549,40.4246140377141],[-74.2042575579753,40.4246391049572],[-74.204166858543,40.4246623001821],[-74.2040753690322,40.4246836063119],[-74.2039831567988,40.4247030076606],[-74.203890289731,40.4247204899446],[-74.2037968361994,40.424736040293],[-74.2037028650063,40.4247496472572],[-74.2035072246932,40.4247754682387],[-74.2033108022827,40.4247975510542],[-74.2031137200604,40.4248158819557],[-74.2029161007235,40.4248304495311]]}},{"type":"Feature","id":122929,"properties":{"OBJECTID":122929,"PRIMENAME":"Luppatatong Avenue","ELEVTYP_F":0,"ELEVTYP_T":0},"geometry":{"type":"LineString","coordinates":[[-74.2083585909377,40.4317043523159],[-74.2085096366299,40.430859443876]]}},{"type":"Feature","id":123697,"properties":{"OBJECTID":123697,"PRIMENAME":"Broadway","ELEVTYP_F":0,"ELEVTYP_T":0},"geometry":{"type":"LineString","coordinates":[[-74.1844269615756,40.4416566854797],[-74.1842700001558,40.4416997361605],[-74.1835906685162,40.4418860628652],[-74.183567103462,40.441892559521]]}},{"type":"Feature","id":124226,"properties":{"OBJECTID":124226,"PRIMENAME":"Stout Street","ELEVTYP_F":0,"ELEVTYP_T":0},"geometry":{"type":"LineString","coordinates":[[-74.2021951854894,40.4347147386819],[-74.2022656916367,40.4346940236219],[-74.2022755840428,40.4346911175132],[-74.2032560464852,40.43440289895],[-74.2033058678201,40.4343883121551]]}},{"type":"Feature","id":124250,"properties":{"OBJECTID":124250,"PRIMENAME":"Woodmere Drive","ELEVTYP_F":0,"ELEVTYP_T":0},"geometry":{"type":"LineString","coordinates":[[-74.2144306337412,40.4412539071626],[-74.2145334646308,40.4412280272718],[-74.2146520397792,40.4412092687804],[-74.2147830363672,40.4412095920404],[-74.2149264605611,40.441219470961],[-74.2150635770739,40.4412341111492],[-74.2152257355434,40.4412487858441],[-74.2153691799141,40.4412539160938],[-74.2153930723982,40.4412539749161]]}},{"type":"Feature","id":124602,"properties":{"OBJECTID":124602,"PRIMENAME":"Luppatatong Avenue","ELEVTYP_F":0,"ELEVTYP_T":0},"geometry":{"type":"LineString","coordinates":[[-74.2085096366299,40.430859443876],[-74.208733160918,40.4296089833779]]}},{"type":"Feature","id":124695,"properties":{"OBJECTID":124695,"PRIMENAME":"North Beers Street","ELEVTYP_F":0,"ELEVTYP_T":0},"geometry":{"type":"LineString","coordinates":[[-74.201626176583,40.4247691228687],[-74.2017163319085,40.4247377861987],[-74.201759726908,40.4247125874075],[-74.2017980837709,40.4246815286383]]}},{"type":"Feature","id":125125,"properties":{"OBJECTID":125125,"PRIMENAME":"Maple Place","ELEVTYP_F":0,"ELEVTYP_T":0},"geometry":{"type":"LineString","coordinates":[[-74.1997945675164,40.4331674531081],[-74.1995007828938,40.4332538214411],[-74.1989135147433,40.433423289122],[-74.1989068964107,40.4334251929519]]}},{"type":"Feature","id":125213,"properties":{"OBJECTID":125213,"PRIMENAME":"3rd Street","ELEVTYP_F":0,"ELEVTYP_T":0},"geometry":{"type":"LineString","coordinates":[[-74.1987740601119,40.4368996673166],[-74.1981359473856,40.43708714361],[-74.1979735610114,40.4371343759534],[-74.1978908245124,40.4371415990621]]}},{"type":"Feature","id":125991,"properties":{"OBJECTID":125991,"PRIMENAME":"Beers Street","ELEVTYP_F":0,"ELEVTYP_T":0},"geometry":{"type":"LineString","coordinates":[[-74.2032995272962,40.4299048485667],[-74.2032099510192,40.4295614941955],[-74.2031685093397,40.4294026506989],[-74.2030724750762,40.4290345435006]]}},{"type":"Feature","id":126357,"properties":{"OBJECTID":126357,"PRIMENAME":"Woodcrest Drive","ELEVTYP_F":0,"ELEVTYP_T":0},"geometry":{"type":"LineString","coordinates":[[-74.2122988198179,40.446778183972],[-74.2122204777793,40.4467888867028],[-74.2120145011514,40.4468169231088],[-74.2118272863882,40.4468355357035],[-74.2116526423498,40.4468303232362],[-74.2114904863364,40.4468203935053],[-74.2111787850373,40.4467671826996],[-74.2109294788787,40.4467188761592],[-74.210811020849,40.4466995557006],[-74.2106613491287,40.4466944051037],[-74.2105117238066,40.4466702023207],[-74.2104369434493,40.4466461877405]]}},{"type":"Feature","id":126887,"properties":{"OBJECTID":126887,"PRIMENAME":"South Concourse","ELEVTYP_F":0,"ELEVTYP_T":0},"geometry":{"type":"LineString","coordinates":[[-74.2155906975169,40.4447289742788],[-74.2147518700801,40.4448939508618]]}},{"type":"Feature","id":126889,"properties":{"OBJECTID":126889,"PRIMENAME":"Washington Street","ELEVTYP_F":0,"ELEVTYP_T":0},"geometry":{"type":"LineString","coordinates":[[-74.2107839490394,40.4342946822494],[-74.2108823813596,40.4337756551285],[-74.2111555768646,40.4322345743836],[-74.2111677468214,40.4321694073972]]}},{"type":"Feature","id":127640,"properties":{"OBJECTID":127640,"PRIMENAME":"Chandler Avenue","ELEVTYP_F":0,"ELEVTYP_T":0},"geometry":{"type":"LineString","coordinates":[[-74.2133966811163,40.4324068379128],[-74.212177278705,40.4322833505686]]}},{"type":"Feature","id":127806,"properties":{"OBJECTID":127806,"PRIMENAME":"Kearney Street","ELEVTYP_F":0,"ELEVTYP_T":0},"geometry":{"type":"LineString","coordinates":[[-74.2033058678201,40.4343883121551],[-74.2038624497755,40.4355053983766],[-74.2039347544437,40.4356562381577]]}},{"type":"Feature","id":128337,"properties":{"OBJECTID":128337,"PRIMENAME":"Bedle Road","ELEVTYP_F":0,"ELEVTYP_T":0},"geometry":{"type":"LineString","coordinates":[[-74.1947459628381,40.4220805588482],[-74.1946633980758,40.4221734393167],[-74.1945642219924,40.4222850046966],[-74.1944942974213,40.4225725994367]]}},{"type":"Feature","id":129046,"properties":{"OBJECTID":129046,"PRIMENAME":"Hazlet Trailer Park","ELEVTYP_F":0,"ELEVTYP_T":0},"geometry":{"type":"LineString","coordinates":[[-74.1839394891906,40.4306461959213],[-74.1840054886032,40.4306921946256],[-74.1841784880306,40.4308611961296],[-74.1843199666594,40.4310168232552],[-74.1844584887097,40.4311691953252],[-74.1844784879816,40.4311861945606],[-74.1845402660144,40.4312635777684]]}},{"type":"Feature","id":129623,"properties":{"OBJECTID":129623,"PRIMENAME":"Broadway","ELEVTYP_F":0,"ELEVTYP_T":0},"geometry":{"type":"LineString","coordinates":[[-74.2106318518924,40.429296657891],[-74.2105612984181,40.4296907414985]]}},{"type":"Feature","id":129912,"properties":{"OBJECTID":129912,"PRIMENAME":"Prospect Avenue","ELEVTYP_F":0,"ELEVTYP_T":0},"geometry":{"type":"LineString","coordinates":[[-74.2170003826264,40.4400261690566],[-74.217002405683,40.4400235666569],[-74.2174038603361,40.4394860039448],[-74.2174453382073,40.4394305430572]]}},{"type":"Feature","id":129951,"properties":{"OBJECTID":129951,"PRIMENAME":"Stone Road","ELEVTYP_F":0,"ELEVTYP_T":0},"geometry":{"type":"LineString","coordinates":[[-74.1899607288256,40.4396376090864],[-74.1897703686393,40.4396008900104],[-74.1886886924997,40.439392287967]]}},{"type":"Feature","id":131096,"properties":{"OBJECTID":131096,"PRIMENAME":"3rd Street","ELEVTYP_F":0,"ELEVTYP_T":0},"geometry":{"type":"LineString","coordinates":[[-74.1978908245124,40.4371415990621],[-74.1977613645328,40.4371528996549],[-74.1975742370119,40.4371571593674],[-74.1968879511626,40.437198269437],[-74.1964816753743,40.4372247649021]]}},{"type":"Feature","id":131204,"properties":{"OBJECTID":131204,"PRIMENAME":"Holmdel Road","ELEVTYP_F":0,"ELEVTYP_T":0},"geometry":{"type":"LineString","coordinates":[[-74.1922764640009,40.4228659363592],[-74.1922782037062,40.4228705261581],[-74.192312955173,40.4229613457223]]}},{"type":"Feature","id":131336,"properties":{"OBJECTID":131336,"PRIMENAME":"Surrey Drive","ELEVTYP_F":0,"ELEVTYP_T":0},"geometry":{"type":"LineString","coordinates":[[-74.1863203948758,40.4281698878624],[-74.1862681351077,40.4281296396113],[-74.1862122255229,40.4280865813371],[-74.1861624848509,40.4280530919815],[-74.1860441424873,40.4280098641344],[-74.1849602294724,40.427754333537],[-74.1843358940846,40.4276103094741],[-74.1839850269718,40.4275293686252]]}},{"type":"Feature","id":131342,"properties":{"OBJECTID":131342,"PRIMENAME":"Division Street","ELEVTYP_F":0,"ELEVTYP_T":0},"geometry":{"type":"LineString","coordinates":[[-74.1974704868406,40.43058070436],[-74.1982354514672,40.4320758174052]]}},{"type":"Feature","id":131628,"properties":{"OBJECTID":131628,"PRIMENAME":"Atlantic Street","ELEVTYP_F":0,"ELEVTYP_T":0},"geometry":{"type":"LineString","coordinates":[[-74.1950315901094,40.4275371015413],[-74.1950009735562,40.4274362182932]]}},{"type":"Feature","id":132221,"properties":{"OBJECTID":132221,"PRIMENAME":"1st Street","ELEVTYP_F":0,"ELEVTYP_T":0},"geometry":{"type":"LineString","coordinates":[[-74.1969496360157,40.4389236975531],[-74.1967906270212,40.4389332263869],[-74.1967132521436,40.4389379373168]]}},{"type":"Feature","id":133010,"properties":{"OBJECTID":133010,"PRIMENAME":"Wooley Street","ELEVTYP_F":0,"ELEVTYP_T":0},"geometry":{"type":"LineString","coordinates":[[-74.2129325579135,40.4247063738544],[-74.2129002295848,40.4249073096757]]}},{"type":"Feature","id":133919,"properties":{"OBJECTID":133919,"PRIMENAME":"Pershing Place","ELEVTYP_F":0,"ELEVTYP_T":0},"geometry":{"type":"LineString","coordinates":[[-74.2009150447021,40.429670059809],[-74.1999077694747,40.4299667543156],[-74.1998125188094,40.4299948096842]]}},{"type":"Feature","id":134031,"properties":{"OBJECTID":134031,"PRIMENAME":"Lower Main Street","ELEVTYP_F":0,"ELEVTYP_T":0},"geometry":{"type":"LineString","coordinates":[[-74.2165198475943,40.4236746042605],[-74.2161171635359,40.4240127539559]]}},{"type":"Feature","id":134703,"properties":{"OBJECTID":134703,"PRIMENAME":"Broad Street","ELEVTYP_F":0,"ELEVTYP_T":0},"geometry":{"type":"LineString","coordinates":[[-74.1994597253015,40.4325105997689],[-74.1997320051831,40.4330421385261],[-74.1997945675164,40.4331674531081]]}},{"type":"Feature","id":134887,"properties":{"OBJECTID":134887,"PRIMENAME":"2nd Street","ELEVTYP_F":0,"ELEVTYP_T":0},"geometry":{"type":"LineString","coordinates":[[-74.1883872707121,40.439358917782],[-74.1884241881524,40.4393522318671],[-74.1885518117957,40.4393291204042],[-74.1887010787384,40.4393020880565],[-74.1887094901868,40.439300319334]]}},{"type":"Feature","id":135445,"properties":{"OBJECTID":135445,"PRIMENAME":"Green Grove Avenue","ELEVTYP_F":0,"ELEVTYP_T":0},"geometry":{"type":"LineString","coordinates":[[-74.1943175954051,40.4352189145858],[-74.1946632209691,40.4355370757152],[-74.1947854342733,40.4356495749533],[-74.1952153226903,40.4360452984026],[-74.1952245159732,40.4360540246227]]}},{"type":"Feature","id":135857,"properties":{"OBJECTID":135857,"PRIMENAME":"Washington Street","ELEVTYP_F":0,"ELEVTYP_T":0},"geometry":{"type":"LineString","coordinates":[[-74.2139825886966,40.4269186929661],[-74.2140562529188,40.4268521574408],[-74.2142957760542,40.42663217522]]}},{"type":"Feature","id":135965,"properties":{"OBJECTID":135965,"PRIMENAME":"Manchester Avenue","ELEVTYP_F":0,"ELEVTYP_T":0},"geometry":{"type":"LineString","coordinates":[[-74.1936558582417,40.4356336856455],[-74.194115087062,40.4360577376963]]}},{"type":"Feature","id":135966,"properties":{"OBJECTID":135966,"PRIMENAME":"Woodbine Drive","ELEVTYP_F":0,"ELEVTYP_T":0},"geometry":{"type":"LineString","coordinates":[[-74.2147518700801,40.4448939508618],[-74.2146806615701,40.444764670348],[-74.2140520924406,40.4429473631832],[-74.2140281332125,40.4428780708811]]}},{"type":"Feature","id":138952,"properties":{"OBJECTID":138952,"PRIMENAME":"Beach Drive","ELEVTYP_F":0,"ELEVTYP_T":0},"geometry":{"type":"LineString","coordinates":[[-74.2094001360556,40.4459328696371],[-74.20953981781,40.446372276618]]}},{"type":"Feature","id":139244,"properties":{"OBJECTID":139244,"PRIMENAME":"Chandler Avenue","ELEVTYP_F":0,"ELEVTYP_T":0},"geometry":{"type":"LineString","coordinates":[[-74.212177278705,40.4322833505686],[-74.2119431515009,40.4322596813334],[-74.2112588099753,40.4321792428993],[-74.2111677468214,40.4321694073972]]}},{"type":"Feature","id":139365,"properties":{"OBJECTID":139365,"PRIMENAME":"Florence Avenue","ELEVTYP_F":0,"ELEVTYP_T":0},"geometry":{"type":"LineString","coordinates":[[-74.1851757551943,40.4372850367524],[-74.1848012292447,40.4378816365882]]}},{"type":"Feature","id":139616,"properties":{"OBJECTID":139616,"PRIMENAME":"Saint Peters Place","ELEVTYP_F":0,"ELEVTYP_T":0},"geometry":{"type":"LineString","coordinates":[[-74.2025435274021,40.4270659749873],[-74.202396310372,40.4271088593493],[-74.2022990162571,40.4271372330544],[-74.2004075123042,40.4276888264417]]}},{"type":"Feature","id":140007,"properties":{"OBJECTID":140007,"PRIMENAME":"1st Street","ELEVTYP_F":0,"ELEVTYP_T":0},"geometry":{"type":"LineString","coordinates":[[-74.1899607288256,40.4396376090864],[-74.189788591726,40.4397009999479],[-74.1893572876962,40.4399000179251],[-74.1892734463964,40.4399434961336]]}},{"type":"Feature","id":140713,"properties":{"OBJECTID":140713,"PRIMENAME":"Fulton Street","ELEVTYP_F":0,"ELEVTYP_T":0},"geometry":{"type":"LineString","coordinates":[[-74.1924832822898,40.4375446602882],[-74.1924752348386,40.4374735937146]]}},{"type":"Feature","id":140849,"properties":{"OBJECTID":140849,"PRIMENAME":"Cedar Place","ELEVTYP_F":0,"ELEVTYP_T":0},"geometry":{"type":"LineString","coordinates":[[-74.2147046249549,40.4420795846622],[-74.2146171045976,40.4420956197809],[-74.2136682153638,40.442269622261],[-74.2135874176691,40.4422844384731]]}},{"type":"Feature","id":141765,"properties":{"OBJECTID":141765,"PRIMENAME":"Atlantic Street","ELEVTYP_F":0,"ELEVTYP_T":0},"geometry":{"type":"LineString","coordinates":[[-74.1975299956333,40.4359097824232],[-74.197255788927,40.4349716243734],[-74.1971183465483,40.4345013724292],[-74.1970676267327,40.4343381723063],[-74.1969601867152,40.4339924726416]]}},{"type":"Feature","id":143553,"properties":{"OBJECTID":143553,"PRIMENAME":"South Concourse","ELEVTYP_F":0,"ELEVTYP_T":0},"geometry":{"type":"LineString","coordinates":[[-74.2112658283135,40.4455881651034],[-74.2097345359948,40.4458714972362],[-74.2096791891319,40.4458817381153],[-74.2095342125908,40.4459083021346],[-74.2095291312188,40.4459092332363]]}},{"type":"Feature","id":144328,"properties":{"OBJECTID":144328,"PRIMENAME":"Gerard Avenue","ELEVTYP_F":0,"ELEVTYP_T":0},"geometry":{"type":"LineString","coordinates":[[-74.2145819784326,40.4226683457947],[-74.2149713896738,40.4227938544792],[-74.2152515086366,40.4229089361902],[-74.2154880212558,40.4230238820035],[-74.215671751057,40.4231259867749]]}},{"type":"Feature","id":145585,"properties":{"OBJECTID":145585,"PRIMENAME":"Unnamed Segment","ELEVTYP_F":0,"ELEVTYP_T":0},"geometry":{"type":"LineString","coordinates":[[-74.1943724921569,40.4321511939332],[-74.1942164909312,40.4318521956358]]}},{"type":"Feature","id":145589,"properties":{"OBJECTID":145589,"PRIMENAME":"Manchester Avenue","ELEVTYP_F":0,"ELEVTYP_T":0},"geometry":{"type":"LineString","coordinates":[[-74.1918490927354,40.4339560672855],[-74.1919039681767,40.4340072735394],[-74.1926820782673,40.4347332701736]]}},{"type":"Feature","id":146491,"properties":{"OBJECTID":146491,"PRIMENAME":"Ann Court","ELEVTYP_F":0,"ELEVTYP_T":0},"geometry":{"type":"LineString","coordinates":[[-74.1907683456923,40.4225287876084],[-74.1907211832181,40.422646538394],[-74.1906391746996,40.4228512456802],[-74.1906016296754,40.4228845266107],[-74.1905578437349,40.422908236815],[-74.190532704782,40.4229463000112],[-74.1904762275951,40.4230271588755],[-74.1901613876678,40.4236935273478]]}},{"type":"Feature","id":146976,"properties":{"OBJECTID":146976,"PRIMENAME":"Florence Avenue","ELEVTYP_F":0,"ELEVTYP_T":0},"geometry":{"type":"LineString","coordinates":[[-74.1938575063863,40.424623249316],[-74.1938166847554,40.4248566172884],[-74.193730119156,40.4253519445015],[-74.1936677627432,40.4257087468212]]}},{"type":"Feature","id":147004,"properties":{"OBJECTID":147004,"PRIMENAME":"Lorraine Place","ELEVTYP_F":0,"ELEVTYP_T":0},"geometry":{"type":"LineString","coordinates":[[-74.1853556198155,40.4241862617657],[-74.1853691748572,40.4243144707817],[-74.1854109390727,40.4247101345551],[-74.1854165901853,40.4248388426185],[-74.1854098067356,40.4249531876369],[-74.1853964458419,40.4251533287881],[-74.1853736141089,40.4253295060059],[-74.1853705127457,40.4253534357185],[-74.1853593699699,40.4254396850554]]}},{"type":"Feature","id":147227,"properties":{"OBJECTID":147227,"PRIMENAME":"Warren Street","ELEVTYP_F":0,"ELEVTYP_T":0},"geometry":{"type":"LineString","coordinates":[[-74.1975299956333,40.4359097824232],[-74.198104509019,40.4357383386764],[-74.1981749413782,40.4357185652922]]}},{"type":"Feature","id":147419,"properties":{"OBJECTID":147419,"PRIMENAME":"Fulton Street","ELEVTYP_F":0,"ELEVTYP_T":0},"geometry":{"type":"LineString","coordinates":[[-74.191415035288,40.4355291745453],[-74.191089786709,40.4352717991393],[-74.1911481866021,40.4352311021336]]}},{"type":"Feature","id":147715,"properties":{"OBJECTID":147715,"PRIMENAME":"Willow Street","ELEVTYP_F":0,"ELEVTYP_T":0},"geometry":{"type":"LineString","coordinates":[[-74.1887013814306,40.4356533928897],[-74.1891141066206,40.4358008754963]]}},{"type":"Feature","id":147902,"properties":{"OBJECTID":147902,"PRIMENAME":"Main Street","ELEVTYP_F":0,"ELEVTYP_T":0},"geometry":{"type":"LineString","coordinates":[[-74.1973113778024,40.42675278789],[-74.1971535593224,40.4266520116165],[-74.1968107614917,40.4264330651572],[-74.1965933716334,40.426294215771],[-74.1964447074314,40.4261992599768],[-74.1962082443577,40.4260937735868]]}},{"type":"Feature","id":148207,"properties":{"OBJECTID":148207,"PRIMENAME":"Prospect Street","ELEVTYP_F":0,"ELEVTYP_T":0},"geometry":{"type":"LineString","coordinates":[[-74.1957517928904,40.4397320825276],[-74.1957102952976,40.4396924982813],[-74.1951140796365,40.4391237785351],[-74.1950695406748,40.4390812751674],[-74.1950278279883,40.4390414703491]]}},{"type":"Feature","id":148229,"properties":{"OBJECTID":148229,"PRIMENAME":"Washington Street","ELEVTYP_F":0,"ELEVTYP_T":0},"geometry":{"type":"LineString","coordinates":[[-74.2105247783654,40.4357029585307],[-74.2106406595802,40.4350614856404]]}},{"type":"Feature","id":149035,"properties":{"OBJECTID":149035,"PRIMENAME":"Manchester Avenue","ELEVTYP_F":0,"ELEVTYP_T":0},"geometry":{"type":"LineString","coordinates":[[-74.1951015531502,40.4369815360861],[-74.1953596997064,40.4372180797865],[-74.1954410257144,40.4372926058536]]}},{"type":"Feature","id":149103,"properties":{"OBJECTID":149103,"PRIMENAME":"Kearney Street","ELEVTYP_F":0,"ELEVTYP_T":0},"geometry":{"type":"LineString","coordinates":[[-74.2009150447021,40.429670059809],[-74.2009502955532,40.4297406747961],[-74.2014386926467,40.430718965962]]}},{"type":"Feature","id":149624,"properties":{"OBJECTID":149624,"PRIMENAME":"Beers Street","ELEVTYP_F":0,"ELEVTYP_T":0},"geometry":{"type":"LineString","coordinates":[[-74.2030724750762,40.4290345435006],[-74.2030554477865,40.4289692753301],[-74.2028924565413,40.4283597312666],[-74.2028235039377,40.428101867049]]}},{"type":"Feature","id":150084,"properties":{"OBJECTID":150084,"PRIMENAME":"East Front Street","ELEVTYP_F":0,"ELEVTYP_T":0},"geometry":{"type":"LineString","coordinates":[[-74.1997433974136,40.4383070772093],[-74.1998396320595,40.4382782832779],[-74.2005503642063,40.4380656201283]]}},{"type":"Feature","id":150682,"properties":{"OBJECTID":150682,"PRIMENAME":"Woodmere Drive","ELEVTYP_F":0,"ELEVTYP_T":0},"geometry":{"type":"LineString","coordinates":[[-74.2119334736511,40.4448391689481],[-74.2120918807345,40.4447582520823],[-74.2123232286534,40.4446349388262],[-74.2124795291009,40.444559067867],[-74.2125671040316,40.4444973270862],[-74.2126485655011,40.4444117437382],[-74.2127031282383,40.4443479997284]]}},{"type":"Feature","id":150785,"properties":{"OBJECTID":150785,"PRIMENAME":"Chingarora Avenue","ELEVTYP_F":0,"ELEVTYP_T":0},"geometry":{"type":"LineString","coordinates":[[-74.2091175688546,40.4324282964564],[-74.2089074382061,40.4336966072815],[-74.208895338591,40.4337697628693]]}},{"type":"Feature","id":151157,"properties":{"OBJECTID":151157,"PRIMENAME":"Warren Street","ELEVTYP_F":0,"ELEVTYP_T":0},"geometry":{"type":"LineString","coordinates":[[-74.2007096728701,40.4349774290491],[-74.2019453708618,40.4346140058456],[-74.2021211683703,40.4345623010487]]}},{"type":"Feature","id":151305,"properties":{"OBJECTID":151305,"PRIMENAME":"Haven Way","ELEVTYP_F":0,"ELEVTYP_T":0},"geometry":{"type":"LineString","coordinates":[[-74.1937871359312,40.4369555055496],[-74.1936565630536,40.437044690437],[-74.1936573288594,40.4370546373316],[-74.1936842026794,40.4374033516228]]}},{"type":"Feature","id":151683,"properties":{"OBJECTID":151683,"PRIMENAME":"Bedle Road","ELEVTYP_F":0,"ELEVTYP_T":0},"geometry":{"type":"LineString","coordinates":[[-74.1942824217875,40.4234701425368],[-74.1942589838788,40.4235852951847],[-74.1940381154366,40.4246707247002]]}},{"type":"Feature","id":151860,"properties":{"OBJECTID":151860,"PRIMENAME":"Jackson Street","ELEVTYP_F":0,"ELEVTYP_T":0},"geometry":{"type":"LineString","coordinates":[[-74.1975203454821,40.4286747000417],[-74.1962135229289,40.4290563373745]]}},{"type":"Feature","id":152846,"properties":{"OBJECTID":152846,"PRIMENAME":"Pinehurst Drive","ELEVTYP_F":0,"ELEVTYP_T":0},"geometry":{"type":"LineString","coordinates":[[-74.2164590458429,40.4445581630229],[-74.2164347850362,40.4444830505672],[-74.2161699745064,40.4436626705634],[-74.215843397699,40.4426991156237],[-74.2157921082527,40.4425411435034]]}},{"type":"Feature","id":152931,"properties":{"OBJECTID":152931,"PRIMENAME":"Broad Street","ELEVTYP_F":0,"ELEVTYP_T":0},"geometry":{"type":"LineString","coordinates":[[-74.1991073418263,40.4318168329119],[-74.1994166660429,40.4324265138927],[-74.1994597253015,40.4325105997689]]}},{"type":"Feature","id":153174,"properties":{"OBJECTID":153174,"PRIMENAME":"Middle Road","ELEVTYP_F":0,"ELEVTYP_T":0},"geometry":{"type":"LineString","coordinates":[[-74.1867612088884,40.4296387280201],[-74.1860865693792,40.4294308459793]]}},{"type":"Feature","id":153298,"properties":{"OBJECTID":153298,"PRIMENAME":"Holmdel Road","ELEVTYP_F":0,"ELEVTYP_T":0},"geometry":{"type":"LineString","coordinates":[[-74.192687221028,40.4233698969478],[-74.1928660777438,40.423554289606]]}},{"type":"Feature","id":153328,"properties":{"OBJECTID":153328,"PRIMENAME":"West Street","ELEVTYP_F":0,"ELEVTYP_T":0},"geometry":{"type":"LineString","coordinates":[[-74.1844269615756,40.4416566854797],[-74.1844678960811,40.4417542769751],[-74.1845419121875,40.4419308276858],[-74.1845851124318,40.4420357835383],[-74.1846717528584,40.4421790422584],[-74.1847584962114,40.4423079161862],[-74.1848824410194,40.4424798537328],[-74.1850250847954,40.4426565641397],[-74.1850922049457,40.4427484896708]]}},{"type":"Feature","id":153493,"properties":{"OBJECTID":153493,"PRIMENAME":"Unnamed Segment","ELEVTYP_F":0,"ELEVTYP_T":0},"geometry":{"type":"LineString","coordinates":[[-74.1893345744551,40.4291310110511],[-74.1892880373564,40.4290157876694],[-74.189410836238,40.4288845357664],[-74.1910905142553,40.4283924205698],[-74.1909748246478,40.4281841263319],[-74.1908036555824,40.4279629512473],[-74.1906934636686,40.4277674064843],[-74.1902664312469,40.4276261919161],[-74.1898556715125,40.4275699111691],[-74.1896054608172,40.4276286640052],[-74.1888434571164,40.4278600673398],[-74.1888373354149,40.4279831442014],[-74.1889694823785,40.4282339284697],[-74.1891188226066,40.4283701567278],[-74.1892285811065,40.4286590829754],[-74.1888391536572,40.4287938630237],[-74.1879601016084,40.4291098362139],[-74.187031030702,40.4294299120241],[-74.1867612088884,40.4296387280201]]}},{"type":"Feature","id":153998,"properties":{"OBJECTID":153998,"PRIMENAME":"State Street","ELEVTYP_F":0,"ELEVTYP_T":0},"geometry":{"type":"LineString","coordinates":[[-74.1865373115155,40.4420839998047],[-74.1861371729817,40.4422542733171],[-74.1860810335449,40.4422781616436],[-74.1858417355412,40.4424104594153]]}},{"type":"Feature","id":154054,"properties":{"OBJECTID":154054,"PRIMENAME":"Beers Street","ELEVTYP_F":0,"ELEVTYP_T":0},"geometry":{"type":"LineString","coordinates":[[-74.2015430314461,40.4234172725061],[-74.2014026174948,40.4228414140412],[-74.201377510675,40.4227438132509]]}},{"type":"Feature","id":154607,"properties":{"OBJECTID":154607,"PRIMENAME":"1st Street","ELEVTYP_F":0,"ELEVTYP_T":0},"geometry":{"type":"LineString","coordinates":[[-74.1950278279883,40.4390414703491],[-74.1944539974707,40.4390796499552],[-74.1940940621074,40.4391035971841]]}},{"type":"Feature","id":154705,"properties":{"OBJECTID":154705,"PRIMENAME":"Main Street","ELEVTYP_F":0,"ELEVTYP_T":0},"geometry":{"type":"LineString","coordinates":[[-74.2026860415994,40.4356933597581],[-74.2025034706299,40.4353493886198],[-74.2022649666405,40.434858394019],[-74.2021951854894,40.4347147386819]]}},{"type":"Feature","id":155533,"properties":{"OBJECTID":155533,"PRIMENAME":"Middle Road","ELEVTYP_F":0,"ELEVTYP_T":0},"geometry":{"type":"LineString","coordinates":[[-74.1881071521395,40.4301963123118],[-74.1876952330215,40.4299912349004],[-74.1874791270704,40.4299040417055]]}},{"type":"Feature","id":155683,"properties":{"OBJECTID":155683,"PRIMENAME":"Main Street","ELEVTYP_F":0,"ELEVTYP_T":0},"geometry":{"type":"LineString","coordinates":[[-74.1988709568105,40.4281368529561],[-74.1986270969961,40.4276662457738],[-74.1985527899578,40.4275421355062],[-74.198478290404,40.4274609321446],[-74.1983999931682,40.4274099425523]]}},{"type":"Feature","id":155854,"properties":{"OBJECTID":155854,"PRIMENAME":"FR RT 36 SB to CO 516","ELEVTYP_F":0,"ELEVTYP_T":0},"geometry":{"type":"LineString","coordinates":[[-74.1870158689403,40.430002821803],[-74.1866924560315,40.4300947046241],[-74.1865739154276,40.4301088223975],[-74.1865011319602,40.4301016802184],[-74.1864329389935,40.430080604921],[-74.1863693697547,40.4300387058003],[-74.1863195552077,40.4299898441834],[-74.1862879633199,40.4299236271077],[-74.1862746394614,40.4298609738964],[-74.1862885291554,40.4298018538903],[-74.186325197571,40.4297497675468],[-74.1863663947099,40.4297046392194],[-74.1864120228075,40.4296804132613],[-74.1864667742628,40.4296561850079],[-74.18653517984,40.4296389935311],[-74.1867612088884,40.4296387280201]]}},{"type":"Feature","id":155923,"properties":{"OBJECTID":155923,"PRIMENAME":"Perry Street","ELEVTYP_F":0,"ELEVTYP_T":0},"geometry":{"type":"LineString","coordinates":[[-74.2045373598792,40.4297105863534],[-74.2045549521504,40.4297785468583],[-74.2048166527192,40.430789378845]]}},{"type":"Feature","id":156115,"properties":{"OBJECTID":156115,"PRIMENAME":"Maple Place","ELEVTYP_F":0,"ELEVTYP_T":0},"geometry":{"type":"LineString","coordinates":[[-74.1960033432337,40.4342727112377],[-74.1958426663831,40.4343165686108],[-74.1957302583475,40.4343556109928],[-74.1956364953388,40.4343946744326],[-74.1955708630227,40.4344338127745],[-74.1954864275471,40.4344836344839],[-74.1953457164036,40.4345690218381],[-74.1949974071097,40.4347938102091]]}},{"type":"Feature","id":156323,"properties":{"OBJECTID":156323,"PRIMENAME":"2nd Street","ELEVTYP_F":0,"ELEVTYP_T":0},"geometry":{"type":"LineString","coordinates":[[-74.1925746947679,40.4383620258928],[-74.193040563692,40.4383319143266],[-74.193856699535,40.4382842541359]]}},{"type":"Feature","id":156595,"properties":{"OBJECTID":156595,"PRIMENAME":"Lloyd Road","ELEVTYP_F":0,"ELEVTYP_T":0},"geometry":{"type":"LineString","coordinates":[[-74.2120537686567,40.421651572377],[-74.2118703784953,40.4225260914284],[-74.211851300067,40.4226200934602]]}},{"type":"Feature","id":156985,"properties":{"OBJECTID":156985,"PRIMENAME":"Nappi Place","ELEVTYP_F":0,"ELEVTYP_T":0},"geometry":{"type":"LineString","coordinates":[[-74.2111024239618,40.4267489256105],[-74.2111474479529,40.4268402334814],[-74.2111781007594,40.4269024038996],[-74.211221516626,40.4269644161533],[-74.211289826238,40.4270265445948],[-74.2113637536525,40.4270793923987]]}},{"type":"Feature","id":157415,"properties":{"OBJECTID":157415,"PRIMENAME":"Surrey Drive","ELEVTYP_F":0,"ELEVTYP_T":0},"geometry":{"type":"LineString","coordinates":[[-74.1839850269718,40.4275293686252],[-74.1837267387449,40.4274697793261],[-74.1831536268562,40.4273347675122],[-74.1830942006811,40.4273218668691],[-74.1830354547292,40.4273322748541]]}},{"type":"Feature","id":157679,"properties":{"OBJECTID":157679,"PRIMENAME":"Prospect Avenue","ELEVTYP_F":0,"ELEVTYP_T":0},"geometry":{"type":"LineString","coordinates":[[-74.216944414996,40.4432107138563],[-74.2168529422058,40.4429351509319],[-74.2168032145123,40.4427811080754]]}},{"type":"Feature","id":157887,"properties":{"OBJECTID":157887,"PRIMENAME":"Broad Street","ELEVTYP_F":0,"ELEVTYP_T":0},"geometry":{"type":"LineString","coordinates":[[-74.1970894313541,40.4278067604545],[-74.1974074717803,40.4284512780168],[-74.1975203454821,40.4286747000417]]}},{"type":"Feature","id":157918,"properties":{"OBJECTID":157918,"PRIMENAME":"Washington Street","ELEVTYP_F":0,"ELEVTYP_T":0},"geometry":{"type":"LineString","coordinates":[[-74.2114149179044,40.4308308814062],[-74.2116642922004,40.4294532136888],[-74.2116705618168,40.4294069453691],[-74.2116901849967,40.4294036556283]]}},{"type":"Feature","id":157970,"properties":{"OBJECTID":157970,"PRIMENAME":"Perry Street","ELEVTYP_F":0,"ELEVTYP_T":0},"geometry":{"type":"LineString","coordinates":[[-74.2048166527192,40.430789378845],[-74.204922917879,40.4311997218459],[-74.2050213542284,40.4315192898686],[-74.205050682831,40.4316145119988]]}},{"type":"Feature","id":158026,"properties":{"OBJECTID":158026,"PRIMENAME":"Clark Street","ELEVTYP_F":0,"ELEVTYP_T":0},"geometry":{"type":"LineString","coordinates":[[-74.2015430314461,40.4234172725061],[-74.2016643564732,40.423403860747],[-74.2023156063355,40.4233738790989],[-74.2026355325932,40.4233591491897]]}},{"type":"Feature","id":158340,"properties":{"OBJECTID":158340,"PRIMENAME":"Pinehurst Drive","ELEVTYP_F":0,"ELEVTYP_T":0},"geometry":{"type":"LineString","coordinates":[[-74.2157921082527,40.4425411435034],[-74.215609401708,40.4419789258077],[-74.215418723746,40.441339823974],[-74.2153930723982,40.4412539749161]]}},{"type":"Feature","id":158655,"properties":{"OBJECTID":158655,"PRIMENAME":"Pimper Place","ELEVTYP_F":0,"ELEVTYP_T":0},"geometry":{"type":"LineString","coordinates":[[-74.1929060743475,40.4290396657088],[-74.1928897886189,40.428971323232],[-74.1927306362947,40.4283036621583],[-74.1927107917128,40.4282202937984]]}},{"type":"Feature","id":159040,"properties":{"OBJECTID":159040,"PRIMENAME":"Gregory Street","ELEVTYP_F":0,"ELEVTYP_T":0},"geometry":{"type":"LineString","coordinates":[[-74.1871865468105,40.4340718274627],[-74.1861995239884,40.4338255744665],[-74.1861499828136,40.4338143756181],[-74.18609969972,40.4338053108562],[-74.1860488320182,40.4337984085401],[-74.1859975388479,40.4337936902634],[-74.1859459806794,40.4337911707874],[-74.1858943188123,40.4337908579941],[-74.1858427148704,40.433792752862],[-74.1857913302962,40.4337968494632],[-74.1854703114201,40.433825486929]]}},{"type":"Feature","id":159166,"properties":{"OBJECTID":159166,"PRIMENAME":"Church Street","ELEVTYP_F":0,"ELEVTYP_T":0},"geometry":{"type":"LineString","coordinates":[[-74.199354283123,40.4378590991454],[-74.1997433974136,40.4383070772093]]}},{"type":"Feature","id":159264,"properties":{"OBJECTID":159264,"PRIMENAME":"Atlantic Street","ELEVTYP_F":0,"ELEVTYP_T":0},"geometry":{"type":"LineString","coordinates":[[-74.1985314955559,40.4392852882102],[-74.1984731150363,40.4390902024246],[-74.1983957726565,40.4388317647782]]}},{"type":"Feature","id":159315,"properties":{"OBJECTID":159315,"PRIMENAME":"Prospect Avenue","ELEVTYP_F":0,"ELEVTYP_T":0},"geometry":{"type":"LineString","coordinates":[[-74.2166713419147,40.4423724152823],[-74.2165635533711,40.4420384506715],[-74.2165524942076,40.4420027366218]]}},{"type":"Feature","id":159527,"properties":{"OBJECTID":159527,"PRIMENAME":"Unnamed Segment","ELEVTYP_F":0,"ELEVTYP_T":0},"geometry":{"type":"LineString","coordinates":[[-74.1963825015843,40.4228881192487],[-74.1961280320907,40.4220473659329],[-74.1964064390721,40.4219823081],[-74.1974799635953,40.4218029337698],[-74.1976125790001,40.4217627950132],[-74.19779202089,40.4216165018162],[-74.1982292504292,40.4215720965474],[-74.1983942269148,40.4216990465579],[-74.1987912172305,40.4232537325018]]}},{"type":"Feature","id":159980,"properties":{"OBJECTID":159980,"PRIMENAME":"Perry Street","ELEVTYP_F":0,"ELEVTYP_T":0},"geometry":{"type":"LineString","coordinates":[[-74.2032927733324,40.4259811184843],[-74.2032929856224,40.4259818872765],[-74.2033114943525,40.4260531989501],[-74.2035956780022,40.4271475454584]]}},{"type":"Feature","id":162363,"properties":{"OBJECTID":162363,"PRIMENAME":"Middle Road","ELEVTYP_F":0,"ELEVTYP_T":0},"geometry":{"type":"LineString","coordinates":[[-74.1860865693792,40.4294308459793],[-74.1854815052884,40.4292560650191],[-74.1846749579356,40.4290264039771]]}},{"type":"Feature","id":162706,"properties":{"OBJECTID":162706,"PRIMENAME":"West 3rd Street","ELEVTYP_F":0,"ELEVTYP_T":0},"geometry":{"type":"LineString","coordinates":[[-74.2093931570529,40.4309656002528],[-74.2086106020632,40.4308715850517],[-74.2085101031133,40.4308594999912],[-74.2085096366299,40.430859443876]]}},{"type":"Feature","id":162953,"properties":{"OBJECTID":162953,"PRIMENAME":"Norma Place","ELEVTYP_F":0,"ELEVTYP_T":0},"geometry":{"type":"LineString","coordinates":[[-74.1873701351642,40.4264208253623],[-74.1874983607653,40.4264315212891],[-74.1876168201337,40.4264414215389],[-74.1877601561571,40.426470359064],[-74.1879968495186,40.4265234297931],[-74.1882024209358,40.4265716129901],[-74.1882897142288,40.4265861784791],[-74.1883707226895,40.4266006990425],[-74.1884455318568,40.4265961245566],[-74.1885392900949,40.4265487206324],[-74.1886643818051,40.4264680484583],[-74.1888083123807,40.4263683467663],[-74.1888696818342,40.4263258251292]]}},{"type":"Feature","id":163038,"properties":{"OBJECTID":163038,"PRIMENAME":"Hazlet Trailer Park","ELEVTYP_F":0,"ELEVTYP_T":0},"geometry":{"type":"LineString","coordinates":[[-74.1839394891906,40.4306461959213],[-74.1839774889483,40.4305591943294],[-74.1840344877487,40.4305131940816],[-74.1841574890214,40.4304391957882],[-74.1841934876954,40.4304321961771],[-74.1842184880804,40.4304341945381],[-74.1843225659659,40.4304609305847],[-74.184327487751,40.4304621950133],[-74.1844404872728,40.4305391957563],[-74.1845734870754,40.4306541949508],[-74.1848474882083,40.4309061948233],[-74.1849559608812,40.4310253723302]]}},{"type":"Feature","id":163947,"properties":{"OBJECTID":163947,"PRIMENAME":"Jackson Street","ELEVTYP_F":0,"ELEVTYP_T":0},"geometry":{"type":"LineString","coordinates":[[-74.2035956780022,40.4271475454584],[-74.2026894190061,40.427283107641],[-74.2026195055068,40.4272936067403],[-74.2026060968552,40.4272955761778]]}},{"type":"Feature","id":165912,"properties":{"OBJECTID":165912,"PRIMENAME":"Unnamed Segment","ELEVTYP_F":0,"ELEVTYP_T":0},"geometry":{"type":"LineString","coordinates":[[-74.1954834921125,40.4318771938901],[-74.1953074934621,40.431928194596],[-74.195023493512,40.4320121960624],[-74.1948774919531,40.4320001952667],[-74.1943724921569,40.4321511939332]]}},{"type":"Feature","id":166024,"properties":{"OBJECTID":166024,"PRIMENAME":"Highland Avenue","ELEVTYP_F":0,"ELEVTYP_T":0},"geometry":{"type":"LineString","coordinates":[[-74.1872008402837,40.4380343611959],[-74.1870505964222,40.4382735796594],[-74.1869466091505,40.4384310892726]]}},{"type":"Feature","id":166281,"properties":{"OBJECTID":166281,"PRIMENAME":"Oak Shades Avenue","ELEVTYP_F":0,"ELEVTYP_T":0},"geometry":{"type":"LineString","coordinates":[[-74.2147164221396,40.4252281576768],[-74.2148175199288,40.4252669491633],[-74.2151817816412,40.4254067801136],[-74.2165919882959,40.4259481052719]]}},{"type":"Feature","id":166678,"properties":{"OBJECTID":166678,"PRIMENAME":"Orchard Street","ELEVTYP_F":0,"ELEVTYP_T":0},"geometry":{"type":"LineString","coordinates":[[-74.2136412773699,40.4272269429257],[-74.2130556472352,40.4268117397586],[-74.2129660414256,40.4267482139289]]}},{"type":"Feature","id":167138,"properties":{"OBJECTID":167138,"PRIMENAME":"Main Street","ELEVTYP_F":0,"ELEVTYP_T":0},"geometry":{"type":"LineString","coordinates":[[-74.2120363033734,40.427560172087],[-74.2120332288544,40.4275987884433],[-74.2120423093888,40.4276596169752],[-74.2120513051187,40.4276955659721],[-74.2120745215522,40.4277883628529],[-74.2121068405872,40.4278920729518]]}},{"type":"Feature","id":167495,"properties":{"OBJECTID":167495,"PRIMENAME":"Hurley Street","ELEVTYP_F":0,"ELEVTYP_T":0},"geometry":{"type":"LineString","coordinates":[[-74.1965346604195,40.4325756234752],[-74.1969905214097,40.4324422598373],[-74.1973805033336,40.4323281686076]]}},{"type":"Feature","id":168583,"properties":{"OBJECTID":168583,"PRIMENAME":"Florence Avenue","ELEVTYP_F":0,"ELEVTYP_T":0},"geometry":{"type":"LineString","coordinates":[[-74.1917141121708,40.4287703333191],[-74.191616770514,40.4288785694485],[-74.1906318235086,40.429904779018],[-74.1896416034204,40.430950611505],[-74.1895832643326,40.4310130440098]]}},{"type":"Feature","id":168689,"properties":{"OBJECTID":168689,"PRIMENAME":"Broadway","ELEVTYP_F":0,"ELEVTYP_T":0},"geometry":{"type":"LineString","coordinates":[[-74.2107095456338,40.4288626504363],[-74.2106318518924,40.429296657891]]}},{"type":"Feature","id":168790,"properties":{"OBJECTID":168790,"PRIMENAME":"Church Street","ELEVTYP_F":0,"ELEVTYP_T":0},"geometry":{"type":"LineString","coordinates":[[-74.1981749413782,40.4357185652922],[-74.198358717996,40.4360773709049],[-74.1987740601119,40.4368996673166]]}},{"type":"Feature","id":169119,"properties":{"OBJECTID":169119,"PRIMENAME":"West Jack Street","ELEVTYP_F":0,"ELEVTYP_T":0},"geometry":{"type":"LineString","coordinates":[[-74.1823789607396,40.4263669220905],[-74.1825219217264,40.4263989119473],[-74.1837304891529,40.4266691086795],[-74.1843347553696,40.4268089788104],[-74.18433963509,40.4268101089286],[-74.1850636438807,40.4269777626693],[-74.1859981309142,40.4271900070547],[-74.1862142455284,40.4272421203914]]}},{"type":"Feature","id":169768,"properties":{"OBJECTID":169768,"PRIMENAME":"Hall Place","ELEVTYP_F":0,"ELEVTYP_T":0},"geometry":{"type":"LineString","coordinates":[[-74.194944521341,40.433077123992],[-74.194910917936,40.4330086262704],[-74.1946698939763,40.4325170733339],[-74.1946434093391,40.4324630613187]]}},{"type":"Feature","id":171496,"properties":{"OBJECTID":171496,"PRIMENAME":"Woodmere Drive","ELEVTYP_F":0,"ELEVTYP_T":0},"geometry":{"type":"LineString","coordinates":[[-74.2098238314888,40.4448834973146],[-74.209820776291,40.4448669638234],[-74.2097902848473,40.4447048407349],[-74.2097658409542,40.444590416243],[-74.2097164865459,40.4444616000309],[-74.2096483920659,40.4443375128174],[-74.2095679331815,40.4441895662942],[-74.2095347306987,40.4441149522992]]}},{"type":"Feature","id":171630,"properties":{"OBJECTID":171630,"PRIMENAME":"Beers Street","ELEVTYP_F":0,"ELEVTYP_T":0},"geometry":{"type":"LineString","coordinates":[[-74.2026060968552,40.4272955761778],[-74.2025435274021,40.4270659749873]]}},{"type":"Feature","id":173053,"properties":{"OBJECTID":173053,"PRIMENAME":"Gerard Avenue","ELEVTYP_F":0,"ELEVTYP_T":0},"geometry":{"type":"LineString","coordinates":[[-74.211851300067,40.4226200934602],[-74.211997590277,40.4226054145283],[-74.2121361060548,40.4225918634732],[-74.2126152300809,40.4225449926105],[-74.2132391044111,40.4224797527096],[-74.2135135699643,40.4224614088526],[-74.2136757284456,40.4224570335371],[-74.2138066683958,40.422462134737],[-74.2139126606766,40.4224719222475],[-74.2140995297327,40.4225105149835],[-74.2143175835096,40.4225730127718],[-74.2145541422614,40.422659383231],[-74.2145819784326,40.4226683457947]]}},{"type":"Feature","id":174379,"properties":{"OBJECTID":174379,"PRIMENAME":"North Parkview Terrace","ELEVTYP_F":0,"ELEVTYP_T":0},"geometry":{"type":"LineString","coordinates":[[-74.201377510675,40.4227438132509],[-74.2014965931117,40.4227415953586],[-74.2017211080003,40.4227373986876],[-74.2019207384425,40.4227236113353],[-74.2021078467969,40.4227145674811],[-74.2023186171346,40.4226911379477],[-74.2024010930111,40.4226819691787],[-74.2031748403114,40.4225743707511],[-74.2039797414196,40.4224715419568],[-74.2042355793667,40.4224340662083],[-74.2043727752891,40.4224296680018],[-74.2047218955738,40.4224496114331],[-74.204842554387,40.4224565086195]]}},{"type":"Feature","id":174943,"properties":{"OBJECTID":174943,"PRIMENAME":"Chingarora Avenue","ELEVTYP_F":0,"ELEVTYP_T":0},"geometry":{"type":"LineString","coordinates":[[-74.2092371458609,40.4317065651962],[-74.2091175688546,40.4324282964564]]}},{"type":"Feature","id":175069,"properties":{"OBJECTID":175069,"PRIMENAME":"Florence Avenue","ELEVTYP_F":0,"ELEVTYP_T":0},"geometry":{"type":"LineString","coordinates":[[-74.193622299904,40.4259688811589],[-74.1936064774636,40.4260594581824],[-74.1935478044645,40.4263953365429],[-74.1934649778622,40.4267811139022],[-74.1934586750674,40.4268070779954],[-74.1934395372798,40.4268859117348],[-74.193382973605,40.4269858500222],[-74.1933680465289,40.4270018922874]]}},{"type":"Feature","id":175554,"properties":{"OBJECTID":175554,"PRIMENAME":"Monmouth Place","ELEVTYP_F":0,"ELEVTYP_T":0},"geometry":{"type":"LineString","coordinates":[[-74.202674010002,40.4312553694209],[-74.2026403179473,40.4311890973718],[-74.2022842379111,40.4304887693366],[-74.2022569579143,40.430435113647]]}},{"type":"Feature","id":175627,"properties":{"OBJECTID":175627,"PRIMENAME":"West Front Street","ELEVTYP_F":0,"ELEVTYP_T":0},"geometry":{"type":"LineString","coordinates":[[-74.203420247611,40.4371291231475],[-74.2031813315966,40.4372354889099],[-74.2030250586735,40.4373065992969],[-74.2028938811745,40.4373491138034],[-74.2027002637728,40.437415377796],[-74.20225312327,40.4375433184864],[-74.2022380508522,40.4375476306583],[-74.2020255508179,40.4376185948565]]}},{"type":"Feature","id":176351,"properties":{"OBJECTID":176351,"PRIMENAME":"Main Street","ELEVTYP_F":0,"ELEVTYP_T":0},"geometry":{"type":"LineString","coordinates":[[-74.1947678723758,40.4251959633735],[-74.1950283200624,40.4253553761645],[-74.1951634534192,40.4254380872151],[-74.1956553537026,40.4257389662635]]}},{"type":"Feature","id":176649,"properties":{"OBJECTID":176649,"PRIMENAME":"Galewood Drive","ELEVTYP_F":0,"ELEVTYP_T":0},"geometry":{"type":"LineString","coordinates":[[-74.1873676533326,40.4231473508782],[-74.1873344025876,40.4227803970653]]}},{"type":"Feature","id":176689,"properties":{"OBJECTID":176689,"PRIMENAME":"Atlantic Street","ELEVTYP_F":0,"ELEVTYP_T":0},"geometry":{"type":"LineString","coordinates":[[-74.1955470918973,40.429245290602],[-74.1952705647699,40.42832847491]]}},{"type":"Feature","id":177136,"properties":{"OBJECTID":177136,"PRIMENAME":"2nd Street","ELEVTYP_F":0,"ELEVTYP_T":0},"geometry":{"type":"LineString","coordinates":[[-74.1887094901868,40.439300319334],[-74.1889695440468,40.4392456290475],[-74.1891009656003,40.4391958232353],[-74.1891069936218,40.4391935383122],[-74.1893569591446,40.4390894010334],[-74.1894086925072,40.4390662053631],[-74.1898007607278,40.4388904156576],[-74.190075715037,40.4387815389523],[-74.1903069731407,40.4386820706087],[-74.1904756057194,40.4386301167072],[-74.1906380007515,40.4385829228601],[-74.1908690309374,40.438540607366],[-74.1910812352675,40.4384982951447],[-74.1912934893907,40.4384607587581],[-74.1914745281756,40.4384373867994],[-74.1920485216583,40.4383959828079],[-74.1925746947679,40.4383620258928]]}},{"type":"Feature","id":177212,"properties":{"OBJECTID":177212,"PRIMENAME":"Malden Drive","ELEVTYP_F":0,"ELEVTYP_T":0},"geometry":{"type":"LineString","coordinates":[[-74.2149155687876,40.4427089647285],[-74.2151511731333,40.4426640857231],[-74.2157921082527,40.4425411435034]]}},{"type":"Feature","id":178908,"properties":{"OBJECTID":178908,"PRIMENAME":"Hurley Street","ELEVTYP_F":0,"ELEVTYP_T":0},"geometry":{"type":"LineString","coordinates":[[-74.1955749353983,40.4328614521326],[-74.1964095492719,40.43261221767],[-74.1965346604195,40.4325756234752]]}},{"type":"Feature","id":180311,"properties":{"OBJECTID":180311,"PRIMENAME":"Sycamore Drive","ELEVTYP_F":0,"ELEVTYP_T":0},"geometry":{"type":"LineString","coordinates":[[-74.1862142455284,40.4272421203914],[-74.1862228163678,40.4271524866131],[-74.1862893375682,40.426457977234]]}},{"type":"Feature","id":180495,"properties":{"OBJECTID":180495,"PRIMENAME":"Brookside Avenue","ELEVTYP_F":0,"ELEVTYP_T":0},"geometry":{"type":"LineString","coordinates":[[-74.2158636467821,40.4460990650299],[-74.2161787114799,40.4460360962747],[-74.2167093528215,40.4459420868485],[-74.2169163524261,40.4459003728769]]}},{"type":"Feature","id":183950,"properties":{"OBJECTID":183950,"PRIMENAME":"Jackson Street","ELEVTYP_F":0,"ELEVTYP_T":0},"geometry":{"type":"LineString","coordinates":[[-74.1989354928964,40.4282614040964],[-74.1988175851083,40.4282958509472],[-74.1975203454821,40.4286747000417]]}},{"type":"Feature","id":185597,"properties":{"OBJECTID":185597,"PRIMENAME":"Maple Place","ELEVTYP_F":0,"ELEVTYP_T":0},"geometry":{"type":"LineString","coordinates":[[-74.2097644529493,40.4289632250696],[-74.2104139934801,40.4285564841222]]}},{"type":"Feature","id":186227,"properties":{"OBJECTID":186227,"PRIMENAME":"Highland Avenue","ELEVTYP_F":0,"ELEVTYP_T":0},"geometry":{"type":"LineString","coordinates":[[-74.1883243119774,40.4362495030492],[-74.1879680095888,40.4368129188979],[-74.1879494056188,40.4368425988043]]}},{"type":"Feature","id":186760,"properties":{"OBJECTID":186760,"PRIMENAME":"Fulton Street","ELEVTYP_F":0,"ELEVTYP_T":0},"geometry":{"type":"LineString","coordinates":[[-74.1926631997595,40.4391950312934],[-74.1926564469092,40.4391315731941],[-74.192650422425,40.4390748691246],[-74.1925746947679,40.4383620258928]]}},{"type":"Feature","id":187262,"properties":{"OBJECTID":187262,"PRIMENAME":"Madison Street","ELEVTYP_F":0,"ELEVTYP_T":0},"geometry":{"type":"LineString","coordinates":[[-74.2062083903398,40.4253123478202],[-74.2060914040496,40.4249641019079],[-74.2059991321712,40.4246731815217],[-74.2059313352714,40.4244871346128],[-74.20590696627,40.4243583789936],[-74.2058888954731,40.4242106160273],[-74.2059020805785,40.4240533515347],[-74.2059415072326,40.4235863896396],[-74.2059616114308,40.4232671514203],[-74.2059521382056,40.4231650098153]]}},{"type":"Feature","id":187663,"properties":{"OBJECTID":187663,"PRIMENAME":"Washington Avenue","ELEVTYP_F":0,"ELEVTYP_T":0},"geometry":{"type":"LineString","coordinates":[[-74.2161171635359,40.4240127539559],[-74.216194533372,40.4240645804191],[-74.2172081942486,40.4247438292183],[-74.2172641421123,40.4247820956327],[-74.2173388408791,40.4248204087642],[-74.2174135630499,40.4248444197084],[-74.2175110636788,40.4248756508691]]}},{"type":"Feature","id":188491,"properties":{"OBJECTID":188491,"PRIMENAME":"Coach Drive","ELEVTYP_F":0,"ELEVTYP_T":0},"geometry":{"type":"LineString","coordinates":[[-74.1863203948758,40.4281698878624],[-74.1864291180433,40.4281309598711],[-74.1868675757999,40.4279739668168],[-74.186929979778,40.4279646106344],[-74.1870047973221,40.4279743383876],[-74.1870357336039,40.4280268547625]]}},{"type":"Feature","id":188494,"properties":{"OBJECTID":188494,"PRIMENAME":"West Front Street","ELEVTYP_F":0,"ELEVTYP_T":0},"geometry":{"type":"LineString","coordinates":[[-74.2054001211762,40.4361988831803],[-74.2050188414593,40.4363775814659],[-74.2043971330773,40.4366715151167],[-74.2035750368116,40.4370601780608],[-74.203420247611,40.4371291231475]]}},{"type":"Feature","id":188715,"properties":{"OBJECTID":188715,"PRIMENAME":"Clark Street","ELEVTYP_F":0,"ELEVTYP_T":0},"geometry":{"type":"LineString","coordinates":[[-74.1999108197629,40.4236709824572],[-74.2004655538095,40.4235846218651]]}},{"type":"Feature","id":188967,"properties":{"OBJECTID":188967,"PRIMENAME":"Johnson Avenue","ELEVTYP_F":0,"ELEVTYP_T":0},"geometry":{"type":"LineString","coordinates":[[-74.1859171595894,40.4412510294849],[-74.1856719109504,40.4411651534604],[-74.1850428763451,40.4409448860425]]}},{"type":"Feature","id":190054,"properties":{"OBJECTID":190054,"PRIMENAME":"FR CO 516 EB TO BROADWAY SB","ELEVTYP_F":0,"ELEVTYP_T":0},"geometry":{"type":"LineString","coordinates":[[-74.2111158021588,40.4295159440219],[-74.2110981460257,40.429521400707],[-74.2110801452127,40.4295261544803],[-74.2110618476039,40.4295301926962],[-74.2110433018727,40.4295335046127],[-74.2110245573526,40.4295360814198],[-74.2110056639061,40.4295379162629],[-74.2109866717916,40.4295390042611],[-74.2109676315301,40.4295393425203],[-74.2109485937708,40.4295389301405],[-74.2109296091561,40.4295377682189],[-74.210910728187,40.4295358598462],[-74.210892001089,40.4295332100989],[-74.2108734776779,40.4295298260257],[-74.2108552072279,40.4295257166284],[-74.2108372383404,40.4295208928386],[-74.2108196188143,40.429515367488],[-74.2108002711889,40.4295068795606],[-74.2107816555391,40.4294974842304],[-74.2107638446425,40.4294872182287],[-74.2107469081304,40.4294761216902],[-74.2107309122158,40.429464237997],[-74.2107159194341,40.4294516136083],[-74.2107019883989,40.429438297879],[-74.2106891735729,40.429424342867],[-74.2106775250547,40.4294098031292],[-74.2106670883835,40.4293947355085],[-74.2106579043603,40.4293791989117],[-74.210650008889,40.4293632540787],[-74.2106434328361,40.4293469633456],[-74.2106382019093,40.4293303904006],[-74.2106343365579,40.4293136000352],[-74.2106318518924,40.429296657891]]}},{"type":"Feature","id":190233,"properties":{"OBJECTID":190233,"PRIMENAME":"Rollo Place","ELEVTYP_F":0,"ELEVTYP_T":0},"geometry":{"type":"LineString","coordinates":[[-74.2100374738567,40.4274305734546],[-74.2092553310046,40.4273503173299],[-74.2091498029635,40.4273394828756]]}},{"type":"Feature","id":190372,"properties":{"OBJECTID":190372,"PRIMENAME":"1st Street","ELEVTYP_F":0,"ELEVTYP_T":0},"geometry":{"type":"LineString","coordinates":[[-74.1929972091695,40.4391748086665],[-74.1926789053333,40.439194003085],[-74.1926631997595,40.4391950312934]]}},{"type":"Feature","id":191140,"properties":{"OBJECTID":191140,"PRIMENAME":"Walling Terrace","ELEVTYP_F":0,"ELEVTYP_T":0},"geometry":{"type":"LineString","coordinates":[[-74.2048166527192,40.430789378845],[-74.2053616394196,40.4307099518]]}},{"type":"Feature","id":191736,"properties":{"OBJECTID":191736,"PRIMENAME":"Gaston Avenue","ELEVTYP_F":0,"ELEVTYP_T":0},"geometry":{"type":"LineString","coordinates":[[-74.2139133976295,40.4246451773743],[-74.2142852040775,40.424317236332],[-74.2146105569416,40.4240654575026],[-74.2147732626665,40.4239324171632],[-74.214867119617,40.4238563876917],[-74.2149923359647,40.4237375567756],[-74.215599566199,40.4231909797133],[-74.215671751057,40.4231259867749]]}},{"type":"Feature","id":192155,"properties":{"OBJECTID":192155,"PRIMENAME":"Hurley Street","ELEVTYP_F":0,"ELEVTYP_T":0},"geometry":{"type":"LineString","coordinates":[[-74.1982354514672,40.4320758174052],[-74.1991073418263,40.4318168329119]]}},{"type":"Feature","id":193409,"properties":{"OBJECTID":193409,"PRIMENAME":"1st Street","ELEVTYP_F":0,"ELEVTYP_T":0},"geometry":{"type":"LineString","coordinates":[[-74.1940940621074,40.4391035971841],[-74.1939365046545,40.4391141328469]]}},{"type":"Feature","id":193589,"properties":{"OBJECTID":193589,"PRIMENAME":"Elizabeth Street","ELEVTYP_F":0,"ELEVTYP_T":0},"geometry":{"type":"LineString","coordinates":[[-74.2016817918103,40.4336773102393],[-74.2006071473107,40.4339957429985],[-74.2002621428044,40.4340953767238]]}},{"type":"Feature","id":193981,"properties":{"OBJECTID":193981,"PRIMENAME":"FR NJ 36 NB TO GSP NB","ELEVTYP_F":0,"ELEVTYP_T":0},"geometry":{"type":"LineString","coordinates":[[-74.2057667765445,40.4231808677857],[-74.2057967050001,40.4230182534316],[-74.20582886584,40.4228558881973],[-74.2058632555026,40.4226937899826],[-74.2058998701807,40.422531976658],[-74.2059494275856,40.4223197725211],[-74.2059967615481,40.4221072721139]]}},{"type":"Feature","id":194200,"properties":{"OBJECTID":194200,"PRIMENAME":"Kailley Court","ELEVTYP_F":0,"ELEVTYP_T":0},"geometry":{"type":"LineString","coordinates":[[-74.1844030437891,40.4226275706885],[-74.1843592372,40.4226166938358],[-74.1842360324247,40.4225861021518],[-74.1839058861641,40.422504189976],[-74.1838123980582,40.4224944091571],[-74.1837125257033,40.4225131872677],[-74.1836475739266,40.4225320743558],[-74.1836313457158,40.4225367925462],[-74.18348150636,40.4225792899251]]}},{"type":"Feature","id":195030,"properties":{"OBJECTID":195030,"PRIMENAME":"Malden Drive","ELEVTYP_F":0,"ELEVTYP_T":0},"geometry":{"type":"LineString","coordinates":[[-74.2134173209269,40.4429963018954],[-74.2135779529036,40.4429652127385],[-74.2136008394732,40.4429607833557]]}},{"type":"Feature","id":196229,"properties":{"OBJECTID":196229,"PRIMENAME":"Unnamed Segment","ELEVTYP_F":0,"ELEVTYP_T":0},"geometry":{"type":"LineString","coordinates":[[-74.2003514923518,40.4231661924119],[-74.2005804933797,40.4231421927557],[-74.2008744927353,40.4230941929958]]}},{"type":"Feature","id":197814,"properties":{"OBJECTID":197814,"PRIMENAME":"3rd Street","ELEVTYP_F":0,"ELEVTYP_T":0},"geometry":{"type":"LineString","coordinates":[[-74.1936842026794,40.4374033516228],[-74.1925704674075,40.437468027064],[-74.1924752348386,40.4374735937146]]}},{"type":"Feature","id":198575,"properties":{"OBJECTID":198575,"PRIMENAME":"1st Street","ELEVTYP_F":0,"ELEVTYP_T":0},"geometry":{"type":"LineString","coordinates":[[-74.2023316140996,40.4385885879313],[-74.2022484897653,40.438593648019],[-74.2021563822243,40.438599254108],[-74.2002783885278,40.4387135398667],[-74.200105851152,40.4387243477178]]}},{"type":"Feature","id":199331,"properties":{"OBJECTID":199331,"PRIMENAME":"Gregory Street","ELEVTYP_F":0,"ELEVTYP_T":0},"geometry":{"type":"LineString","coordinates":[[-74.1858499980163,40.4328933586237],[-74.1862527656045,40.4329898202679],[-74.1863837791035,40.4329835362175],[-74.1864691363952,40.4329672094584],[-74.1866597686456,40.4329307432858]]}},{"type":"Feature","id":199404,"properties":{"OBJECTID":199404,"PRIMENAME":"1st Street","ELEVTYP_F":0,"ELEVTYP_T":0},"geometry":{"type":"LineString","coordinates":[[-74.1939365046545,40.4391141328469],[-74.1936593288831,40.439132561619],[-74.1932841389998,40.4391575070419],[-74.1929972091695,40.4391748086665]]}},{"type":"Feature","id":199677,"properties":{"OBJECTID":199677,"PRIMENAME":"West Front Street","ELEVTYP_F":0,"ELEVTYP_T":0},"geometry":{"type":"LineString","coordinates":[[-74.2135856717916,40.4354178163957],[-74.2130467076116,40.4352561181821]]}},{"type":"Feature","id":200028,"properties":{"OBJECTID":200028,"PRIMENAME":"Luppatatong Avenue","ELEVTYP_F":0,"ELEVTYP_T":0},"geometry":{"type":"LineString","coordinates":[[-74.208733160918,40.4296089833779],[-74.2089732415211,40.4282658049841],[-74.2089954744587,40.4281415048797]]}},{"type":"Feature","id":202524,"properties":{"OBJECTID":202524,"PRIMENAME":"Brook Avenue","ELEVTYP_F":0,"ELEVTYP_T":0},"geometry":{"type":"LineString","coordinates":[[-74.1942017786541,40.4325920969384],[-74.1946434093391,40.4324630613187]]}},{"type":"Feature","id":202871,"properties":{"OBJECTID":202871,"PRIMENAME":"Bank Street","ELEVTYP_F":0,"ELEVTYP_T":0},"geometry":{"type":"LineString","coordinates":[[-74.1840755074307,40.4390684728111],[-74.1841870923606,40.4391084454508],[-74.1842819636904,40.4391424371262],[-74.1855944574831,40.4396126956307]]}},{"type":"Feature","id":203237,"properties":{"OBJECTID":203237,"PRIMENAME":"Broad Street","ELEVTYP_F":0,"ELEVTYP_T":0},"geometry":{"type":"LineString","coordinates":[[-74.1966578222353,40.4269522134597],[-74.1967048569359,40.4270452056002]]}},{"type":"Feature","id":203320,"properties":{"OBJECTID":203320,"PRIMENAME":"Main Street","ELEVTYP_F":0,"ELEVTYP_T":0},"geometry":{"type":"LineString","coordinates":[[-74.2005251672286,40.4313957288112],[-74.200172731593,40.4306966115178],[-74.19995008116,40.4302671027272],[-74.1998125188094,40.4299948096842]]}},{"type":"Feature","id":203596,"properties":{"OBJECTID":203596,"PRIMENAME":"Woodmere Drive","ELEVTYP_F":0,"ELEVTYP_T":0},"geometry":{"type":"LineString","coordinates":[[-74.2095347306987,40.4441149522992],[-74.2094999622663,40.4440369029243],[-74.2094506453119,40.4439080857806],[-74.209426104264,40.4438079360862],[-74.2093954294591,40.443688718848],[-74.2093895830233,40.4436029182826],[-74.2093900140517,40.4435028313479],[-74.2094525947073,40.4434553322315],[-74.209889544644,40.4433801697666],[-74.2106449823428,40.4432295695503],[-74.2107135885194,40.4432344632989],[-74.2107757580856,40.4432823293096],[-74.2108379849839,40.4433253644017],[-74.2108937608558,40.4434065127845],[-74.21095574704,40.4434972585662],[-74.2109865879446,40.443578317536],[-74.211004899266,40.4436736752432],[-74.2109919014495,40.4437975589745],[-74.2109822647814,40.4438409907162]]}},{"type":"Feature","id":203812,"properties":{"OBJECTID":203812,"PRIMENAME":"Florence Avenue","ELEVTYP_F":0,"ELEVTYP_T":0},"geometry":{"type":"LineString","coordinates":[[-74.1933680465289,40.4270018922874],[-74.193082167533,40.4273091179668],[-74.1928815475558,40.4275373400152],[-74.1926436770789,40.4277834286751],[-74.1926058407872,40.4278225699248],[-74.1924379102916,40.4279869703872]]}},{"type":"Feature","id":203985,"properties":{"OBJECTID":203985,"PRIMENAME":"Center Street","ELEVTYP_F":0,"ELEVTYP_T":0},"geometry":{"type":"LineString","coordinates":[[-74.1957335402341,40.4250266599872],[-74.1963693346104,40.424915177515],[-74.1966065509808,40.4248681445849],[-74.196668993686,40.4248492292297],[-74.1967128717549,40.424796939595],[-74.1967255569481,40.4247397632013],[-74.1967071146,40.4246873100785],[-74.1966823789712,40.4246443386112],[-74.1966513283614,40.4246156797812],[-74.1965952714286,40.4245964534923],[-74.196508027988,40.4245866993252],[-74.1962896641548,40.4246194793886],[-74.196075130234,40.4246569668548],[-74.1957017799299,40.4247222054086],[-74.1956864992958,40.4247533895406],[-74.1957335402341,40.4250266599872]]}},{"type":"Feature","id":204962,"properties":{"OBJECTID":204962,"PRIMENAME":"Lower Main Street","ELEVTYP_F":1,"ELEVTYP_T":0},"geometry":{"type":"LineString","coordinates":[[-74.216860272002,40.4233978748986],[-74.2168122322687,40.4234356679789],[-74.2166830307425,40.4235412516691],[-74.2165198475943,40.4236746042605]]}},{"type":"Feature","id":205811,"properties":{"OBJECTID":205811,"PRIMENAME":"Chingarora Avenue","ELEVTYP_F":0,"ELEVTYP_T":0},"geometry":{"type":"LineString","coordinates":[[-74.2097644529493,40.4289632250696],[-74.209869446504,40.4283884326761],[-74.2098891288241,40.4282805419918]]}},{"type":"Feature","id":205868,"properties":{"OBJECTID":205868,"PRIMENAME":"Yancy Avenue","ELEVTYP_F":0,"ELEVTYP_T":0},"geometry":{"type":"LineString","coordinates":[[-74.2142957760542,40.42663217522],[-74.2143501214078,40.4266670085275],[-74.2145740253415,40.4268105293755],[-74.2146112976193,40.4268392266672],[-74.2146298513365,40.4268774020321],[-74.214642155497,40.4269155358506],[-74.2146232592679,40.4269583957814],[-74.2145793166943,40.427020246054],[-74.2145230221586,40.4270725388228]]}},{"type":"Feature","id":206164,"properties":{"OBJECTID":206164,"PRIMENAME":"Waverly Street","ELEVTYP_F":0,"ELEVTYP_T":0},"geometry":{"type":"LineString","coordinates":[[-74.1937471814802,40.4373996943568],[-74.1937555740898,40.4374664233765],[-74.1938518978245,40.4382340046398],[-74.193856699535,40.4382842541359]]}},{"type":"Feature","id":206388,"properties":{"OBJECTID":206388,"PRIMENAME":"Unnamed Segment","ELEVTYP_F":0,"ELEVTYP_T":0},"geometry":{"type":"LineString","coordinates":[[-74.1944942974213,40.4225725994367],[-74.1952577153511,40.4226827299271],[-74.1953823881187,40.4229360956681],[-74.1955212840555,40.4229718882883],[-74.1961242519787,40.4228874407875],[-74.1963825015843,40.4228881192487]]}},{"type":"Feature","id":207271,"properties":{"OBJECTID":207271,"PRIMENAME":"Overlook Circle","ELEVTYP_F":0,"ELEVTYP_T":0},"geometry":{"type":"LineString","coordinates":[[-74.2175864702237,40.4425448248656],[-74.2175220870969,40.4425364618414],[-74.2174285662349,40.4425267072275],[-74.2173162663864,40.4425311817535],[-74.2171975743203,40.4425690218289],[-74.2170475761385,40.4426353624477],[-74.2168724813442,40.4427397978936],[-74.2168032145123,40.4427811080754]]}},{"type":"Feature","id":210187,"properties":{"OBJECTID":210187,"PRIMENAME":"Netherwood Drive","ELEVTYP_F":0,"ELEVTYP_T":0},"geometry":{"type":"LineString","coordinates":[[-74.2162212716128,40.4410168253169],[-74.216187675515,40.4409318350511],[-74.2160511255202,40.4407742300633],[-74.2158523473192,40.4405735925269],[-74.2157467041975,40.4404827699062],[-74.2156347892348,40.4403966808335],[-74.215460602232,40.4402866660174],[-74.2153983551352,40.4402483824139],[-74.2153549387603,40.4402006199777],[-74.2152619893871,40.4400478695573],[-74.2152000996772,40.439933353881],[-74.2151318551692,40.4398521488819],[-74.215038503053,40.4397947372006],[-74.214914098464,40.439722974634],[-74.2145964988937,40.4395934706737],[-74.2144222362289,40.4395025044265],[-74.2141296884019,40.4393540377483],[-74.2139927627441,40.4392869643779]]}},{"type":"Feature","id":211181,"properties":{"OBJECTID":211181,"PRIMENAME":"4th Street","ELEVTYP_F":0,"ELEVTYP_T":0},"geometry":{"type":"LineString","coordinates":[[-74.209646433326,40.4296094964108],[-74.209536234697,40.4295977994742],[-74.2092276737679,40.429568446501],[-74.2090779997129,40.4295644746102],[-74.2089610244801,40.4295749131454],[-74.208828102425,40.4295947879485],[-74.208733160918,40.4296089833779]]}},{"type":"Feature","id":211991,"properties":{"OBJECTID":211991,"PRIMENAME":"Unnamed Segment","ELEVTYP_F":0,"ELEVTYP_T":0},"geometry":{"type":"LineString","coordinates":[[-74.1997474911875,40.4227491934432],[-74.19985349222,40.4231031931727],[-74.1998884940232,40.4232481937452]]}},{"type":"Feature","id":212025,"properties":{"OBJECTID":212025,"PRIMENAME":"East Front Street","ELEVTYP_F":0,"ELEVTYP_T":0},"geometry":{"type":"LineString","coordinates":[[-74.1948476763824,40.4401001037748],[-74.1951602013884,40.4399531837885],[-74.1953102161118,40.4398868715971],[-74.1956975699412,40.4397496463864],[-74.1957517928904,40.4397320825276]]}},{"type":"Feature","id":212332,"properties":{"OBJECTID":212332,"PRIMENAME":"Gina Drive","ELEVTYP_F":0,"ELEVTYP_T":0},"geometry":{"type":"LineString","coordinates":[[-74.1833430267693,40.4347902853784],[-74.1835298508349,40.4348802061798],[-74.1843002343995,40.4352362955084],[-74.1843078345784,40.4352398080435],[-74.1844012959892,40.4352590865355],[-74.1845197786009,40.4352594099147],[-74.1845511751105,40.4352601458482],[-74.1847505429753,40.4352648163952]]}},{"type":"Feature","id":212737,"properties":{"OBJECTID":212737,"PRIMENAME":"Village Green","ELEVTYP_F":0,"ELEVTYP_T":0},"geometry":{"type":"LineString","coordinates":[[-74.2004655538095,40.4235846218651],[-74.2003514923518,40.4231661924119]]}},{"type":"Feature","id":213166,"properties":{"OBJECTID":213166,"PRIMENAME":"Beachwood Way","ELEVTYP_F":0,"ELEVTYP_T":0},"geometry":{"type":"LineString","coordinates":[[-74.2114364254406,40.4461441824815],[-74.2114187425498,40.4460862705045],[-74.2112834169383,40.4456427003785],[-74.2112658283135,40.4455881651034]]}},{"type":"Feature","id":213707,"properties":{"OBJECTID":213707,"PRIMENAME":"Van Dorn Street","ELEVTYP_F":0,"ELEVTYP_T":0},"geometry":{"type":"LineString","coordinates":[[-74.193622299904,40.4259688811589],[-74.1936479970472,40.4260570202907],[-74.1936881965503,40.4261948997431],[-74.1940996372477,40.427606699805],[-74.1941327000021,40.427698558128]]}},{"type":"Feature","id":214214,"properties":{"OBJECTID":214214,"PRIMENAME":"Warren Street","ELEVTYP_F":0,"ELEVTYP_T":0},"geometry":{"type":"LineString","coordinates":[[-74.1966879728423,40.4361607345868],[-74.1971864016506,40.4360123475999],[-74.1975299956333,40.4359097824232]]}},{"type":"Feature","id":214816,"properties":{"OBJECTID":214816,"PRIMENAME":"Woodmere Drive","ELEVTYP_F":0,"ELEVTYP_T":0},"geometry":{"type":"LineString","coordinates":[[-74.2135874176691,40.4422844384731],[-74.2135063531863,40.4421929884358],[-74.2133821726661,40.4420592112817],[-74.2133388617031,40.4419780940873],[-74.213339307137,40.4418732310493],[-74.2133458681229,40.4417922375082],[-74.21339611706,40.4417113252629],[-74.2135025034407,40.4416353831586],[-74.2136400616839,40.4415546592231],[-74.2137963371049,40.4414740373012],[-74.2139339663409,40.4413933681278],[-74.214071344426,40.44134602453],[-74.2141962882705,40.4413082031118],[-74.2143273706457,40.4412799507106],[-74.2144306337412,40.4412539071626]]}},{"type":"Feature","id":215190,"properties":{"OBJECTID":215190,"PRIMENAME":"Williamson Street","ELEVTYP_F":0,"ELEVTYP_T":0},"geometry":{"type":"LineString","coordinates":[[-74.1902567144241,40.4328291853529],[-74.189683551217,40.4331805327655]]}},{"type":"Feature","id":218073,"properties":{"OBJECTID":218073,"PRIMENAME":"Unnamed Segment","ELEVTYP_F":0,"ELEVTYP_T":0},"geometry":{"type":"LineString","coordinates":[[-74.2002704934229,40.4226761925405],[-74.2005714936904,40.4226251936424],[-74.2007524922647,40.4225981935641]]}},{"type":"Feature","id":218078,"properties":{"OBJECTID":218078,"PRIMENAME":"Butler Street","ELEVTYP_F":0,"ELEVTYP_T":0},"geometry":{"type":"LineString","coordinates":[[-74.1994597253015,40.4325105997689],[-74.1995597934154,40.4324822284922],[-74.2007588132167,40.4321421931516],[-74.2008838088016,40.432106746765]]}},{"type":"Feature","id":218215,"properties":{"OBJECTID":218215,"PRIMENAME":"Walnut Street","ELEVTYP_F":0,"ELEVTYP_T":0},"geometry":{"type":"LineString","coordinates":[[-74.1926380198147,40.4418051944985],[-74.1918560606164,40.4414481097366]]}},{"type":"Feature","id":218250,"properties":{"OBJECTID":218250,"PRIMENAME":"Green Grove Avenue","ELEVTYP_F":0,"ELEVTYP_T":0},"geometry":{"type":"LineString","coordinates":[[-74.1943175954051,40.4352189145858],[-74.1941553063156,40.4350627250544],[-74.1936615532844,40.4346003413379],[-74.1933517469465,40.4343118275966]]}},{"type":"Feature","id":220031,"properties":{"OBJECTID":220031,"PRIMENAME":"FR NJ 35 NB TO RAMP B111860","ELEVTYP_F":0,"ELEVTYP_T":0},"geometry":{"type":"LineString","coordinates":[[-74.2014785116627,40.4256535349119],[-74.2015561334655,40.4256397387289],[-74.2016328457447,40.4256232367803],[-74.2017084870938,40.4256040637871],[-74.2017828983598,40.4255822600904],[-74.2019317587388,40.4255360446782],[-74.2020789494548,40.4254868050728],[-74.2021915805976,40.4254556395351],[-74.2023065435536,40.4254299231628],[-74.2023923218571,40.4254144622489],[-74.2024789438362,40.4254020489569],[-74.2025648179079,40.4253944556346],[-74.2026510338469,40.4253896288688],[-74.2027374391175,40.4253875771994],[-74.2028238808488,40.4253883042562],[-74.20297737912,40.4253965949847],[-74.2031304477009,40.4254086645838]]}},{"type":"Feature","id":220447,"properties":{"OBJECTID":220447,"PRIMENAME":"Green Grove Avenue","ELEVTYP_F":0,"ELEVTYP_T":0},"geometry":{"type":"LineString","coordinates":[[-74.1925136721013,40.4335314591941],[-74.192281508072,40.4333155785202],[-74.1919939546561,40.4330481907993],[-74.1917633026655,40.4328333272195],[-74.1917284490274,40.4328008580652],[-74.1911698789136,40.4322693872046]]}},{"type":"Feature","id":221645,"properties":{"OBJECTID":221645,"PRIMENAME":"Maple Place","ELEVTYP_F":0,"ELEVTYP_T":0},"geometry":{"type":"LineString","coordinates":[[-74.1928697469147,40.4361248768745],[-74.1930307481625,40.4360242778897],[-74.1936558582417,40.4356336856455]]}},{"type":"Feature","id":221791,"properties":{"OBJECTID":221791,"PRIMENAME":"East 8th Street","ELEVTYP_F":0,"ELEVTYP_T":0},"geometry":{"type":"LineString","coordinates":[[-74.1916193568187,40.4341028120798],[-74.1918490927354,40.4339560672855]]}},{"type":"Feature","id":222015,"properties":{"OBJECTID":222015,"PRIMENAME":"Unnamed Segment","ELEVTYP_F":0,"ELEVTYP_T":0},"geometry":{"type":"LineString","coordinates":[[-74.2026355325932,40.4233591491897],[-74.2026706362632,40.423567246365],[-74.2019292196613,40.4236308734393],[-74.2019929600525,40.4244549036213],[-74.202550074179,40.4245171928325]]}},{"type":"Feature","id":222675,"properties":{"OBJECTID":222675,"PRIMENAME":"Stone Road","ELEVTYP_F":0,"ELEVTYP_T":0},"geometry":{"type":"LineString","coordinates":[[-74.184314024439,40.4386862850533],[-74.184284119962,40.4386814822383],[-74.1833455980736,40.438530758408]]}},{"type":"Feature","id":222682,"properties":{"OBJECTID":222682,"PRIMENAME":"Maple Place","ELEVTYP_F":0,"ELEVTYP_T":0},"geometry":{"type":"LineString","coordinates":[[-74.1936558582417,40.4356336856455],[-74.1943175954051,40.4352189145858]]}},{"type":"Feature","id":222920,"properties":{"OBJECTID":222920,"PRIMENAME":"Florence Avenue","ELEVTYP_F":0,"ELEVTYP_T":0},"geometry":{"type":"LineString","coordinates":[[-74.1840755074307,40.4390684728111],[-74.1838454202517,40.4394371221755],[-74.1836905831488,40.439687138514]]}},{"type":"Feature","id":223043,"properties":{"OBJECTID":223043,"PRIMENAME":"Stone Road","ELEVTYP_F":0,"ELEVTYP_T":0},"geometry":{"type":"LineString","coordinates":[[-74.1883872707121,40.439358917782],[-74.1882256345579,40.4393434124904]]}},{"type":"Feature","id":223887,"properties":{"OBJECTID":223887,"PRIMENAME":"Middle Road","ELEVTYP_F":0,"ELEVTYP_T":0},"geometry":{"type":"LineString","coordinates":[[-74.1846749579356,40.4290264039771],[-74.1843297282583,40.42892910861],[-74.184277887809,40.4289144982568]]}},{"type":"Feature","id":223925,"properties":{"OBJECTID":223925,"PRIMENAME":"Union Street","ELEVTYP_F":0,"ELEVTYP_T":0},"geometry":{"type":"LineString","coordinates":[[-74.1968660796839,40.4307324048835],[-74.1973479152584,40.4305933302707],[-74.1974603442933,40.4305608799304],[-74.1974704868406,40.43058070436]]}},{"type":"Feature","id":224475,"properties":{"OBJECTID":224475,"PRIMENAME":"Burtina Place","ELEVTYP_F":0,"ELEVTYP_T":0},"geometry":{"type":"LineString","coordinates":[[-74.1949974071097,40.4347938102091],[-74.194909479969,40.4347100159054],[-74.1943793457723,40.4342047696031]]}},{"type":"Feature","id":224511,"properties":{"OBJECTID":224511,"PRIMENAME":"Hazlet Avenue","ELEVTYP_F":0,"ELEVTYP_T":0},"geometry":{"type":"LineString","coordinates":[[-74.1844030437891,40.4226275706885],[-74.1843588932495,40.4226902816509],[-74.1842912021582,40.4227864294967],[-74.1840151219236,40.4231478999699],[-74.1839712352593,40.4232001577486],[-74.1839337170486,40.4232191614075],[-74.1838827329742,40.4232362963316]]}},{"type":"Feature","id":224805,"properties":{"OBJECTID":224805,"PRIMENAME":"Main Street","ELEVTYP_F":0,"ELEVTYP_T":1},"geometry":{"type":"LineString","coordinates":[[-74.2121068405872,40.4278920729518],[-74.2121205298484,40.4279671592982],[-74.2121295344325,40.4280458311399],[-74.2121291686786,40.4281316163322],[-74.2121241932263,40.4282031148779],[-74.2121144827022,40.4282817121965],[-74.2120954674289,40.4283603142627],[-74.2120717626966,40.4284353074841],[-74.2120592827225,40.4284687982777],[-74.2120291736226,40.4285495927816],[-74.2119965932372,40.4286167949445]]}},{"type":"Feature","id":225021,"properties":{"OBJECTID":225021,"PRIMENAME":"Phyllis Street","ELEVTYP_F":0,"ELEVTYP_T":0},"geometry":{"type":"LineString","coordinates":[[-74.2097668218159,40.4228294693942],[-74.2097530538425,40.422748314881],[-74.2095523570189,40.4215658537366]]}},{"type":"Feature","id":225116,"properties":{"OBJECTID":225116,"PRIMENAME":"American Legion Drive","ELEVTYP_F":0,"ELEVTYP_T":0},"geometry":{"type":"LineString","coordinates":[[-74.2026019835148,40.4392106801188],[-74.2025924787737,40.4392099936976],[-74.202542695395,40.4391907864662],[-74.2025054256255,40.4391525881046],[-74.2024787889268,40.4391032554687]]}},{"type":"Feature","id":226033,"properties":{"OBJECTID":226033,"PRIMENAME":"Unnamed Segment","ELEVTYP_F":0,"ELEVTYP_T":0},"geometry":{"type":"LineString","coordinates":[[-74.1990979493803,40.4246129775984],[-74.1988936889445,40.4244078064689],[-74.1988594705947,40.4241926494613],[-74.1989071994643,40.4240075747633],[-74.1993767263739,40.4238952877495],[-74.2002646323744,40.4237452512357],[-74.2012501803909,40.4236103982868],[-74.2013422011987,40.4240138903889]]}},{"type":"Feature","id":226726,"properties":{"OBJECTID":226726,"PRIMENAME":"Geran Street","ELEVTYP_F":0,"ELEVTYP_T":0},"geometry":{"type":"LineString","coordinates":[[-74.2114750305988,40.4247417147322],[-74.2115801541951,40.4247539465549],[-74.2129002295848,40.4249073096757]]}},{"type":"Feature","id":227087,"properties":{"OBJECTID":227087,"PRIMENAME":"Galewood Drive","ELEVTYP_F":0,"ELEVTYP_T":0},"geometry":{"type":"LineString","coordinates":[[-74.1873701351642,40.4264208253623],[-74.1873939019163,40.426097646705],[-74.1874417952271,40.4255600265523]]}},{"type":"Feature","id":227115,"properties":{"OBJECTID":227115,"PRIMENAME":"Clark Street","ELEVTYP_F":0,"ELEVTYP_T":0},"geometry":{"type":"LineString","coordinates":[[-74.1975019200711,40.4240555061514],[-74.1990996206785,40.423788042568],[-74.1991056253413,40.4237871764668]]}},{"type":"Feature","id":227168,"properties":{"OBJECTID":227168,"PRIMENAME":"Florence Avenue","ELEVTYP_F":0,"ELEVTYP_T":0},"geometry":{"type":"LineString","coordinates":[[-74.1924379102916,40.4279869703872],[-74.1922174414839,40.4282028122722],[-74.192109302266,40.4283079660091]]}},{"type":"Feature","id":227460,"properties":{"OBJECTID":227460,"PRIMENAME":"Woodmere Drive","ELEVTYP_F":0,"ELEVTYP_T":0},"geometry":{"type":"LineString","coordinates":[[-74.2109822647814,40.4438409907162],[-74.2109346391553,40.4440547734059],[-74.2109029214648,40.444178610309],[-74.2108898812506,40.4443120469891],[-74.2108832408797,40.4444025653114],[-74.2108891053555,40.4444931428252],[-74.210907498398,40.4445694495223],[-74.2109321483719,40.4446362178835],[-74.2109454813864,40.4446691659711]]}},{"type":"Feature","id":227510,"properties":{"OBJECTID":227510,"PRIMENAME":"Lower Main Street","ELEVTYP_F":0,"ELEVTYP_T":0},"geometry":{"type":"LineString","coordinates":[[-74.214307652941,40.4255824272508],[-74.2138396335356,40.4259952849787]]}},{"type":"Feature","id":228431,"properties":{"OBJECTID":228431,"PRIMENAME":"Walling Terrace","ELEVTYP_F":0,"ELEVTYP_T":0},"geometry":{"type":"LineString","coordinates":[[-74.202674010002,40.4312553694209],[-74.2034954989883,40.4310149716823],[-74.2035980341878,40.4309883324567]]}},{"type":"Feature","id":228471,"properties":{"OBJECTID":228471,"PRIMENAME":"Green Grove Avenue","ELEVTYP_F":0,"ELEVTYP_T":0},"geometry":{"type":"LineString","coordinates":[[-74.1957752341581,40.4365721687062],[-74.1959481996795,40.436728740663],[-74.1963954162567,40.4371445444732],[-74.1964816753743,40.4372247649021]]}},{"type":"Feature","id":228847,"properties":{"OBJECTID":228847,"PRIMENAME":"Florence Avenue","ELEVTYP_F":0,"ELEVTYP_T":0},"geometry":{"type":"LineString","coordinates":[[-74.1863067611413,40.4355033761842],[-74.185935881224,40.4360927972833]]}},{"type":"Feature","id":229044,"properties":{"OBJECTID":229044,"PRIMENAME":"Kearney Street","ELEVTYP_F":0,"ELEVTYP_T":0},"geometry":{"type":"LineString","coordinates":[[-74.2018371372352,40.4314964349405],[-74.2022759997481,40.4323568321632],[-74.2023112611467,40.4324259597747]]}},{"type":"Feature","id":231122,"properties":{"OBJECTID":231122,"PRIMENAME":"Snyder Lane","ELEVTYP_F":0,"ELEVTYP_T":0},"geometry":{"type":"LineString","coordinates":[[-74.1917154503238,40.4398319645823],[-74.1917675200154,40.4398297968848],[-74.192496339363,40.4397995354041],[-74.1925224148417,40.4397984537421],[-74.1925787003983,40.4397699991214],[-74.1927036817985,40.4397178988766]]}},{"type":"Feature","id":231947,"properties":{"OBJECTID":231947,"PRIMENAME":"Burtina Place","ELEVTYP_F":0,"ELEVTYP_T":0},"geometry":{"type":"LineString","coordinates":[[-74.1943793457723,40.4342047696031],[-74.1941021202362,40.4339405838097],[-74.1940403425286,40.433881756224]]}},{"type":"Feature","id":232098,"properties":{"OBJECTID":232098,"PRIMENAME":"Broad Street","ELEVTYP_F":0,"ELEVTYP_T":0},"geometry":{"type":"LineString","coordinates":[[-74.2013093511898,40.4361623626035],[-74.2019762492983,40.4375231278369],[-74.2020255508179,40.4376185948565]]}},{"type":"Feature","id":232676,"properties":{"OBJECTID":232676,"PRIMENAME":"Warren Street","ELEVTYP_F":0,"ELEVTYP_T":0},"geometry":{"type":"LineString","coordinates":[[-74.1998244120822,40.4352377633116],[-74.2007096728701,40.4349774290491]]}},{"type":"Feature","id":232694,"properties":{"OBJECTID":232694,"PRIMENAME":"Broad Street","ELEVTYP_F":0,"ELEVTYP_T":0},"geometry":{"type":"LineString","coordinates":[[-74.2020255508179,40.4376185948565],[-74.2020689751742,40.4377026256938],[-74.2022350312052,40.4382321001568],[-74.2022498435591,40.4382867738185],[-74.2023316140996,40.4385885879313]]}},{"type":"Feature","id":233877,"properties":{"OBJECTID":233877,"PRIMENAME":"Coral Drive","ELEVTYP_F":0,"ELEVTYP_T":0},"geometry":{"type":"LineString","coordinates":[[-74.2043327538722,40.4232761738501],[-74.2044382100118,40.4231542560624],[-74.204569838692,40.4230020714261],[-74.2046764828377,40.4228545998265],[-74.2047517608178,40.4227499537262],[-74.2048020682419,40.4226547428963],[-74.2048274489944,40.4225594954273],[-74.204842554387,40.4224565086195]]}},{"type":"Feature","id":234595,"properties":{"OBJECTID":234595,"PRIMENAME":"Atlantic Street","ELEVTYP_F":0,"ELEVTYP_T":0},"geometry":{"type":"LineString","coordinates":[[-74.1981562611929,40.4380318048284],[-74.1981074466819,40.4378686705737],[-74.1978908245124,40.4371415990621]]}},{"type":"Feature","id":234719,"properties":{"OBJECTID":234719,"PRIMENAME":"Allen Street","ELEVTYP_F":0,"ELEVTYP_T":0},"geometry":{"type":"LineString","coordinates":[[-74.2108340548057,40.4227222813598],[-74.210825960843,40.4226747432271],[-74.2106191948723,40.4214541652394]]}},{"type":"Feature","id":235299,"properties":{"OBJECTID":235299,"PRIMENAME":"Unnamed Segment","ELEVTYP_F":0,"ELEVTYP_T":0},"geometry":{"type":"LineString","coordinates":[[-74.1972774921954,40.4391391969477],[-74.1969794921774,40.4391531966381]]}},{"type":"Feature","id":235303,"properties":{"OBJECTID":235303,"PRIMENAME":"Clark Street","ELEVTYP_F":0,"ELEVTYP_T":0},"geometry":{"type":"LineString","coordinates":[[-74.2044981973874,40.4232722296027],[-74.204652007016,40.4232685625192],[-74.2049878249946,40.4232433336841]]}},{"type":"Feature","id":236228,"properties":{"OBJECTID":236228,"PRIMENAME":"Unnamed Segment","ELEVTYP_F":0,"ELEVTYP_T":0},"geometry":{"type":"LineString","coordinates":[[-74.2013422011987,40.4240138903889],[-74.2016885113498,40.4239505254368]]}},{"type":"Feature","id":237190,"properties":{"OBJECTID":237190,"PRIMENAME":"Unnamed Segment","ELEVTYP_F":0,"ELEVTYP_T":0},"geometry":{"type":"LineString","coordinates":[[-74.1969496360157,40.4389236975531],[-74.1969714978736,40.4390862626661],[-74.1969794921774,40.4391531966381]]}},{"type":"Feature","id":239379,"properties":{"OBJECTID":239379,"PRIMENAME":"Church Street","ELEVTYP_F":0,"ELEVTYP_T":0},"geometry":{"type":"LineString","coordinates":[[-74.1997433974136,40.4383070772093],[-74.2000375778211,40.4386457690069],[-74.200105851152,40.4387243477178]]}},{"type":"Feature","id":239792,"properties":{"OBJECTID":239792,"PRIMENAME":"West Front Street","ELEVTYP_F":0,"ELEVTYP_T":0},"geometry":{"type":"LineString","coordinates":[[-74.2080058290954,40.434960585521],[-74.2075939083342,40.4351545123341],[-74.2073367122972,40.4352783975802],[-74.2063438626291,40.4357566237191],[-74.2055968983847,40.4361066806533]]}},{"type":"Feature","id":240838,"properties":{"OBJECTID":240838,"PRIMENAME":"Van Dorn Street","ELEVTYP_F":0,"ELEVTYP_T":0},"geometry":{"type":"LineString","coordinates":[[-74.1955749353983,40.4328614521326],[-74.1956587961016,40.4331297647838],[-74.1959722293379,40.4341695214128],[-74.1960033432337,40.4342727112377]]}},{"type":"Feature","id":240888,"properties":{"OBJECTID":240888,"PRIMENAME":"Atlantic Street","ELEVTYP_F":0,"ELEVTYP_T":0},"geometry":{"type":"LineString","coordinates":[[-74.1969601867152,40.4339924726416],[-74.1967433140914,40.4332946065321],[-74.1966060856171,40.4328218317163]]}},{"type":"Feature","id":240969,"properties":{"OBJECTID":240969,"PRIMENAME":"Maple Place","ELEVTYP_F":0,"ELEVTYP_T":0},"geometry":{"type":"LineString","coordinates":[[-74.2023112611467,40.4324259597747],[-74.2022756487723,40.4324364145738],[-74.2020862961577,40.4324920051905],[-74.2012712853994,40.4327329589615],[-74.2012091976381,40.4327512733581]]}},{"type":"Feature","id":242984,"properties":{"OBJECTID":242984,"PRIMENAME":"Raritan Avenue","ELEVTYP_F":0,"ELEVTYP_T":0},"geometry":{"type":"LineString","coordinates":[[-74.1961648578065,40.4260603889751],[-74.1962460677409,40.425982419466],[-74.196740861685,40.4255071312139]]}},{"type":"Feature","id":243507,"properties":{"OBJECTID":243507,"PRIMENAME":"2nd Street","ELEVTYP_F":0,"ELEVTYP_T":0},"geometry":{"type":"LineString","coordinates":[[-74.1966227887467,40.4381220599583],[-74.1974391314563,40.4380670996446],[-74.1980693010518,40.4380354207803],[-74.1981562611929,40.4380318048284]]}},{"type":"Feature","id":244037,"properties":{"OBJECTID":244037,"PRIMENAME":"Highland Avenue","ELEVTYP_F":0,"ELEVTYP_T":0},"geometry":{"type":"LineString","coordinates":[[-74.1875778772504,40.437434054234],[-74.1872008402837,40.4380343611959]]}},{"type":"Feature","id":244067,"properties":{"OBJECTID":244067,"PRIMENAME":"West 1st Street","ELEVTYP_F":0,"ELEVTYP_T":0},"geometry":{"type":"LineString","coordinates":[[-74.2094895400323,40.4355987362239],[-74.2095596741568,40.4356058302568],[-74.2104560801294,40.4356960334965],[-74.2105247783654,40.4357029585307]]}},{"type":"Feature","id":244489,"properties":{"OBJECTID":244489,"PRIMENAME":"Lower Main Street","ELEVTYP_F":1,"ELEVTYP_T":1},"geometry":{"type":"LineString","coordinates":[[-74.2172351063652,40.423163833565],[-74.2171639894432,40.4231970410214],[-74.2170561925537,40.423257555314],[-74.2170136163184,40.4232858087364]]}},{"type":"Feature","id":245402,"properties":{"OBJECTID":245402,"PRIMENAME":"Rothbard Road","ELEVTYP_F":0,"ELEVTYP_T":0},"geometry":{"type":"LineString","coordinates":[[-74.1820726151787,40.4374677180608],[-74.1827812053273,40.4375756545069],[-74.1828933869278,40.4375950684367],[-74.1829869855275,40.4375857450295],[-74.1830556954962,40.4375668812894],[-74.1830601123543,40.4375650804106],[-74.1831369385118,40.4375337506029],[-74.1832120203442,40.4374815238262],[-74.1833185694563,40.4373769506619],[-74.1836192026968,40.4370161102001],[-74.1836196448398,40.4370155800327],[-74.1836760527459,40.4369537757771],[-74.1837451190585,40.4368586806495],[-74.1838330593581,40.4367302008453],[-74.1839587781731,40.4365208423235],[-74.1840529771422,40.4363829083242],[-74.1840969395725,40.4363162937498],[-74.1841222878362,40.4362353531584],[-74.1841287929473,40.4361734132139],[-74.1841228007978,40.4361257403837],[-74.184104795892,40.436076962968],[-74.1840981440301,40.4360589382989],[-74.1840609323482,40.4360111810541],[-74.1840175267544,40.435958629874],[-74.1839180056567,40.4359059531885],[-74.1837498084868,40.4358578097287],[-74.1835379826555,40.4358048524711],[-74.183362310432,40.4357595484177],[-74.1832202739409,40.4357229175638]]}},{"type":"Feature","id":246099,"properties":{"OBJECTID":246099,"PRIMENAME":"Monroe Street","ELEVTYP_F":0,"ELEVTYP_T":0},"geometry":{"type":"LineString","coordinates":[[-74.1979994218649,40.4275295036006],[-74.1980920905618,40.4275018428535],[-74.1982097056453,40.4274667358027]]}},{"type":"Feature","id":246344,"properties":{"OBJECTID":246344,"PRIMENAME":"FR NJ 36 NB TO GSP NB","ELEVTYP_F":0,"ELEVTYP_T":0},"geometry":{"type":"LineString","coordinates":[[-74.2006617927188,40.4254956626747],[-74.2009273778007,40.4253707861124],[-74.2009828002396,40.4253455637886],[-74.2010712746357,40.4253095208003],[-74.2011617838611,40.4252765604561],[-74.2012541441323,40.4252467496826],[-74.2013481679081,40.4252201490111],[-74.2014522346355,40.4251997024958],[-74.2015580612936,40.4251854788188],[-74.2016650117736,40.4251775634765],[-74.2017724432126,40.4251760040472],[-74.201871713928,40.4251812661235],[-74.2019704462012,40.4251907507075],[-74.2020683327581,40.4252044282813],[-74.202165068956,40.4252222562778],[-74.2023073363421,40.425250097658],[-74.2026822780371,40.4253237028236],[-74.2029468695558,40.425375992417],[-74.2031304477009,40.4254086645838]]}},{"type":"Feature","id":247222,"properties":{"OBJECTID":247222,"PRIMENAME":"FR GSP NB TO NJ 36 SB","ELEVTYP_F":0,"ELEVTYP_T":0},"geometry":{"type":"LineString","coordinates":[[-74.205679839956,40.4227517435749],[-74.2056789036548,40.4227935228859],[-74.205670671686,40.4228964796401],[-74.2056610166248,40.4229993641639]]}},{"type":"Feature","id":247389,"properties":{"OBJECTID":247389,"PRIMENAME":"Broadway","ELEVTYP_F":0,"ELEVTYP_T":0},"geometry":{"type":"LineString","coordinates":[[-74.2103083848841,40.4310755624887],[-74.2102036535695,40.4316391003608],[-74.2101269955254,40.4320565569792]]}},{"type":"Feature","id":247395,"properties":{"OBJECTID":247395,"PRIMENAME":"Malden Drive","ELEVTYP_F":0,"ELEVTYP_T":0},"geometry":{"type":"LineString","coordinates":[[-74.2140281332125,40.4428780708811],[-74.214039927426,40.4428757944193],[-74.2149155687876,40.4427089647285]]}},{"type":"Feature","id":247869,"properties":{"OBJECTID":247869,"PRIMENAME":"Short Street","ELEVTYP_F":0,"ELEVTYP_T":0},"geometry":{"type":"LineString","coordinates":[[-74.2030751000836,40.4339346318152],[-74.2031272519835,40.433921231821],[-74.2040451034407,40.43368527831],[-74.2041262777805,40.4336644029865]]}},{"type":"Feature","id":247978,"properties":{"OBJECTID":247978,"PRIMENAME":"Broad Street","ELEVTYP_F":0,"ELEVTYP_T":0},"geometry":{"type":"LineString","coordinates":[[-74.2002621428044,40.4340953767238],[-74.2007096728701,40.4349774290491]]}},{"type":"Feature","id":248365,"properties":{"OBJECTID":248365,"PRIMENAME":"Beers Street","ELEVTYP_F":0,"ELEVTYP_T":0},"geometry":{"type":"LineString","coordinates":[[-74.2025435274021,40.4270659749873],[-74.2024357090043,40.4266705041279],[-74.2023033748416,40.426148655026],[-74.2022994560554,40.4261331998315]]}},{"type":"Feature","id":248927,"properties":{"OBJECTID":248927,"PRIMENAME":"Prospect Avenue","ELEVTYP_F":0,"ELEVTYP_T":0},"geometry":{"type":"LineString","coordinates":[[-74.2163578300399,40.4414034582394],[-74.2162555782799,40.4411035735628],[-74.2162212716128,40.4410168253169]]}},{"type":"Feature","id":249034,"properties":{"OBJECTID":249034,"PRIMENAME":"Beers Street","ELEVTYP_F":0,"ELEVTYP_T":0},"geometry":{"type":"LineString","coordinates":[[-74.2035980341878,40.4309883324567],[-74.2033192045129,40.4299803079406],[-74.2032995272962,40.4299048485667]]}},{"type":"Feature","id":249306,"properties":{"OBJECTID":249306,"PRIMENAME":"Overlook Circle","ELEVTYP_F":0,"ELEVTYP_T":0},"geometry":{"type":"LineString","coordinates":[[-74.216944414996,40.4432107138563],[-74.2170449781564,40.4432549643683],[-74.2171757392037,40.4433124389075],[-74.2173066000679,40.4433461393699],[-74.2174000833363,40.4433654191503],[-74.2175186757698,40.4433514068409],[-74.2176185897466,40.4433278236267],[-74.2177247991908,40.4432852035762]]}},{"type":"Feature","id":250076,"properties":{"OBJECTID":250076,"PRIMENAME":"Broad Street","ELEVTYP_F":0,"ELEVTYP_T":0},"geometry":{"type":"LineString","coordinates":[[-74.1962082443577,40.4260937735868],[-74.1962391730915,40.4261415114003],[-74.1963256897222,40.4263133108969],[-74.1963668831097,40.426392074817],[-74.1964266565695,40.4265063655805],[-74.1964808740836,40.4266100348702],[-74.1965977554681,40.4268335197185],[-74.1966578222353,40.4269522134597]]}},{"type":"Feature","id":251060,"properties":{"OBJECTID":251060,"PRIMENAME":"Jackson Street","ELEVTYP_F":0,"ELEVTYP_T":0},"geometry":{"type":"LineString","coordinates":[[-74.1955470918973,40.429245290602],[-74.195432959812,40.4292782884982],[-74.19339089708,40.4298686181767]]}},{"type":"Feature","id":251416,"properties":{"OBJECTID":251416,"PRIMENAME":"Kearney Street","ELEVTYP_F":0,"ELEVTYP_T":0},"geometry":{"type":"LineString","coordinates":[[-74.2027763089344,40.4333553493164],[-74.2030751000836,40.4339346318152]]}},{"type":"Feature","id":251889,"properties":{"OBJECTID":251889,"PRIMENAME":"Unnamed Segment","ELEVTYP_F":0,"ELEVTYP_T":0},"geometry":{"type":"LineString","coordinates":[[-74.1998884940232,40.4232481937452],[-74.1995184933807,40.4233031932319]]}},{"type":"Feature","id":252452,"properties":{"OBJECTID":252452,"PRIMENAME":"Luppatatong Avenue","ELEVTYP_F":0,"ELEVTYP_T":0},"geometry":{"type":"LineString","coordinates":[[-74.2092260959032,40.4269070371684],[-74.2091498029635,40.4273394828756]]}},{"type":"Feature","id":252692,"properties":{"OBJECTID":252692,"PRIMENAME":"Main Street","ELEVTYP_F":0,"ELEVTYP_T":0},"geometry":{"type":"LineString","coordinates":[[-74.2021951854894,40.4347147386819],[-74.2021211683703,40.4345623010487]]}},{"type":"Feature","id":253422,"properties":{"OBJECTID":253422,"PRIMENAME":"East Concourse","ELEVTYP_F":0,"ELEVTYP_T":0},"geometry":{"type":"LineString","coordinates":[[-74.2149577587981,40.4455738015873],[-74.2149395076107,40.445513555184],[-74.2147837021645,40.4449991618817],[-74.2147733792622,40.4449650751502],[-74.2147518700801,40.4448939508618]]}},{"type":"Feature","id":253477,"properties":{"OBJECTID":253477,"PRIMENAME":"Oak Street","ELEVTYP_F":0,"ELEVTYP_T":0},"geometry":{"type":"LineString","coordinates":[[-74.1877317377413,40.4371891086409],[-74.1878102141866,40.4372175952694],[-74.1881277815957,40.4373328426451],[-74.1882710173378,40.4373808854073],[-74.1883831563771,40.4374097920438],[-74.1885326651589,40.4374530743969],[-74.1887133674762,40.4374869424054],[-74.1888753656678,40.4375255079693]]}},{"type":"Feature","id":253750,"properties":{"OBJECTID":253750,"PRIMENAME":"Therese Avenue","ELEVTYP_F":0,"ELEVTYP_T":0},"geometry":{"type":"LineString","coordinates":[[-74.2124269356815,40.4309385151165],[-74.212291115184,40.4316447534848],[-74.212177278705,40.4322833505686]]}},{"type":"Feature","id":254329,"properties":{"OBJECTID":254329,"PRIMENAME":"Unnamed Segment","ELEVTYP_F":0,"ELEVTYP_T":0},"geometry":{"type":"LineString","coordinates":[[-74.1962425505475,40.431576957302],[-74.1962281600341,40.4315850000407],[-74.1959919215386,40.4316474869801],[-74.1957704916737,40.4317421940991],[-74.1956794927835,40.431786194976]]}},{"type":"Feature","id":254435,"properties":{"OBJECTID":254435,"PRIMENAME":"Atlantic Street","ELEVTYP_F":0,"ELEVTYP_T":0},"geometry":{"type":"LineString","coordinates":[[-74.1965346604195,40.4325756234752],[-74.1964485187996,40.4322787010953],[-74.1964412947034,40.4322509847257],[-74.196356522157,40.4319257884403],[-74.1962574399887,40.4316225319166],[-74.1962425505475,40.431576957302]]}},{"type":"Feature","id":254858,"properties":{"OBJECTID":254858,"PRIMENAME":"Elizabeth Street","ELEVTYP_F":0,"ELEVTYP_T":0},"geometry":{"type":"LineString","coordinates":[[-74.2027763089344,40.4333553493164],[-74.2022709433092,40.4335033292457],[-74.2021059777775,40.4335516325546],[-74.2016817918103,40.4336773102393]]}},{"type":"Feature","id":254911,"properties":{"OBJECTID":254911,"PRIMENAME":"Unnamed Segment","ELEVTYP_F":0,"ELEVTYP_T":0},"geometry":{"type":"LineString","coordinates":[[-74.1902567144241,40.4328291853529],[-74.1904864908439,40.4330331959717],[-74.1910644903296,40.433580194987],[-74.1916193568187,40.4341028120798]]}},{"type":"Feature","id":255592,"properties":{"OBJECTID":255592,"PRIMENAME":"Stone Road","ELEVTYP_F":0,"ELEVTYP_T":0},"geometry":{"type":"LineString","coordinates":[[-74.1886886924997,40.439392287967],[-74.1886423570263,40.4393833513281],[-74.1883872707121,40.439358917782]]}},{"type":"Feature","id":255707,"properties":{"OBJECTID":255707,"PRIMENAME":"Elizabeth Street","ELEVTYP_F":0,"ELEVTYP_T":0},"geometry":{"type":"LineString","coordinates":[[-74.1993769123199,40.4343511225276],[-74.199152015792,40.4344161194388],[-74.1985462637773,40.4345950082415]]}},{"type":"Feature","id":256278,"properties":{"OBJECTID":256278,"PRIMENAME":"Maple Place","ELEVTYP_F":0,"ELEVTYP_T":0},"geometry":{"type":"LineString","coordinates":[[-74.1980909598776,40.433683087194],[-74.1978988470942,40.4337357591599],[-74.1977161479244,40.433796058626],[-74.1975709473647,40.4338421276133],[-74.1974632236248,40.4338704501065],[-74.197397180656,40.4338834896581],[-74.1972644162987,40.4339097064707]]}},{"type":"Feature","id":256490,"properties":{"OBJECTID":256490,"PRIMENAME":"Garden State Parkway Express","ELEVTYP_F":0,"ELEVTYP_T":0},"geometry":{"type":"LineString","coordinates":[[-74.2122213052065,40.4208586747067],[-74.2124114046984,40.4209410134231],[-74.2126480199019,40.4210434977338],[-74.2131568096708,40.4212628093959],[-74.2136422761461,40.4214856023772],[-74.2138321239402,40.4215758817958],[-74.2141183560964,40.4217119933905],[-74.2145150500287,40.4219059866754],[-74.2149444415382,40.4221322589841],[-74.2153503751087,40.422351307331],[-74.2156537357588,40.4225164345499],[-74.2164421804445,40.4229580357144],[-74.2170136163184,40.4232858087364]]}},{"type":"Feature","id":256993,"properties":{"OBJECTID":256993,"PRIMENAME":"Broadway","ELEVTYP_F":0,"ELEVTYP_T":0},"geometry":{"type":"LineString","coordinates":[[-74.1880464454196,40.4405347262273],[-74.1880257041727,40.4405445907985],[-74.1879052697976,40.4406049012705],[-74.1877732458019,40.4406710128555],[-74.1876943540655,40.4407105188505],[-74.1875318194359,40.4407863124613],[-74.1873194011583,40.4408572497825],[-74.1866261127612,40.4410507725407],[-74.1859453235864,40.4412443250864],[-74.1859171595894,40.4412510294849]]}},{"type":"Feature","id":257546,"properties":{"OBJECTID":257546,"PRIMENAME":"Twilight Way","ELEVTYP_F":0,"ELEVTYP_T":0},"geometry":{"type":"LineString","coordinates":[[-74.2095347306987,40.4441149522992],[-74.2096182658566,40.4440991578025],[-74.2108855686994,40.4438592507587],[-74.2109822647814,40.4438409907162]]}},{"type":"Feature","id":258093,"properties":{"OBJECTID":258093,"PRIMENAME":"Maple Place","ELEVTYP_F":0,"ELEVTYP_T":0},"geometry":{"type":"LineString","coordinates":[[-74.1949974071097,40.4347938102091],[-74.194693628815,40.4349819581989],[-74.1943627130265,40.435190484479],[-74.1943175954051,40.4352189145858]]}},{"type":"Feature","id":259544,"properties":{"OBJECTID":259544,"PRIMENAME":"North Concourse","ELEVTYP_F":0,"ELEVTYP_T":0},"geometry":{"type":"LineString","coordinates":[[-74.2149577587981,40.4455738015873],[-74.2150391438606,40.445556707261],[-74.2156151230323,40.4454450612026],[-74.2176609267875,40.4450484844776],[-74.2183168218026,40.4449213309594],[-74.2184270765848,40.4448999409893]]}},{"type":"Feature","id":260296,"properties":{"OBJECTID":260296,"PRIMENAME":"Galewood Drive","ELEVTYP_F":0,"ELEVTYP_T":0},"geometry":{"type":"LineString","coordinates":[[-74.1873865185187,40.4233552655417],[-74.1873676533326,40.4231473508782]]}},{"type":"Feature","id":260743,"properties":{"OBJECTID":260743,"PRIMENAME":"Main Street","ELEVTYP_F":0,"ELEVTYP_T":0},"geometry":{"type":"LineString","coordinates":[[-74.203420247611,40.4371291231475],[-74.2033816727636,40.4370530380876],[-74.2030333012033,40.4363660280587],[-74.2028373959879,40.4359796841386]]}},{"type":"Feature","id":260849,"properties":{"OBJECTID":260849,"PRIMENAME":"Monroe Street","ELEVTYP_F":0,"ELEVTYP_T":0},"geometry":{"type":"LineString","coordinates":[[-74.1952705647699,40.42832847491],[-74.1953999796131,40.4282916464762],[-74.1958301316686,40.4281693460745],[-74.1969611486943,40.4278477664233],[-74.1970894313541,40.4278067604545]]}},{"type":"Feature","id":261789,"properties":{"OBJECTID":261789,"PRIMENAME":"Main Street","ELEVTYP_F":1,"ELEVTYP_T":1},"geometry":{"type":"LineString","coordinates":[[-74.2119965932372,40.4286167949445],[-74.211977276263,40.4286566614493],[-74.2119582238795,40.4286933448424]]}},{"type":"Feature","id":262388,"properties":{"OBJECTID":262388,"PRIMENAME":"Maple Place","ELEVTYP_F":0,"ELEVTYP_T":0},"geometry":{"type":"LineString","coordinates":[[-74.205050682831,40.4316145119988],[-74.2048731352157,40.4316662996779],[-74.2044094143178,40.4318081097431],[-74.2040112917889,40.4319250237736],[-74.2038619749047,40.4319693600159]]}},{"type":"Feature","id":263679,"properties":{"OBJECTID":263679,"PRIMENAME":"Main Street","ELEVTYP_F":0,"ELEVTYP_T":0},"geometry":{"type":"LineString","coordinates":[[-74.2028373959879,40.4359796841386],[-74.2028251439199,40.4359554956751],[-74.2026860415994,40.4356933597581]]}},{"type":"Feature","id":265062,"properties":{"OBJECTID":265062,"PRIMENAME":"East Coach Drive","ELEVTYP_F":0,"ELEVTYP_T":0},"geometry":{"type":"LineString","coordinates":[[-74.1822762322305,40.4293731384509],[-74.18239552311,40.4294058865885],[-74.1830619700036,40.4295887587026],[-74.1831430256176,40.4295937578754],[-74.1832116157167,40.4295986949159],[-74.1832927818249,40.4295798930498],[-74.183392739965,40.4295372873148],[-74.1840115478111,40.4292387146798],[-74.1840803971406,40.4291959962987],[-74.184142981009,40.4291485116795],[-74.1841868939081,40.4290914499459],[-74.1842309405127,40.4290057842026],[-74.184277887809,40.4289144982568]]}},{"type":"Feature","id":265326,"properties":{"OBJECTID":265326,"PRIMENAME":"Florence Avenue","ELEVTYP_F":0,"ELEVTYP_T":0},"geometry":{"type":"LineString","coordinates":[[-74.185935881224,40.4360927972833],[-74.1857683380036,40.4363590061738],[-74.1855575304927,40.4366884553523]]}},{"type":"Feature","id":265644,"properties":{"OBJECTID":265644,"PRIMENAME":"Manchester Avenue","ELEVTYP_F":0,"ELEVTYP_T":0},"geometry":{"type":"LineString","coordinates":[[-74.1944155343173,40.4363529505576],[-74.1945466615729,40.4364730957107]]}},{"type":"Feature","id":265675,"properties":{"OBJECTID":265675,"PRIMENAME":"Galewood Drive","ELEVTYP_F":0,"ELEVTYP_T":0},"geometry":{"type":"LineString","coordinates":[[-74.187220049325,40.4274068928017],[-74.1872386794992,40.4272934578963],[-74.1873606271445,40.4265503163916],[-74.1873701351642,40.4264208253623]]}},{"type":"Feature","id":265802,"properties":{"OBJECTID":265802,"PRIMENAME":"Middle Road","ELEVTYP_F":0,"ELEVTYP_T":0},"geometry":{"type":"LineString","coordinates":[[-74.1874791270704,40.4299040417055],[-74.1873613744161,40.4298565333623]]}},{"type":"Feature","id":265869,"properties":{"OBJECTID":265869,"PRIMENAME":"Osborn Street","ELEVTYP_F":0,"ELEVTYP_T":0},"geometry":{"type":"LineString","coordinates":[[-74.2005503642063,40.4380656201283],[-74.2005020087717,40.438008368186],[-74.1999373972324,40.4373396659819],[-74.1998878972924,40.4372489745493],[-74.1996344821194,40.4367288507183],[-74.199598081814,40.4366575200202]]}},{"type":"Feature","id":266248,"properties":{"OBJECTID":266248,"PRIMENAME":"FR NJ 36 NB TO GSP NB","ELEVTYP_F":1,"ELEVTYP_T":0},"geometry":{"type":"LineString","coordinates":[[-74.2047517409523,40.4252517580434],[-74.2048319981871,40.4252099415496],[-74.2049093099195,40.4251650007011],[-74.2049704850386,40.4251260709029],[-74.2050294692326,40.4250852140556],[-74.2050861586482,40.4250425020982],[-74.2051404534734,40.4249980102363],[-74.205192258113,40.4249518168091],[-74.205241481357,40.4249040031518],[-74.2052880365411,40.4248546534524],[-74.2053318416995,40.4248038546029],[-74.2053653709776,40.4247586078205],[-74.2053968005717,40.4247124891598],[-74.2054260917199,40.424665555505],[-74.2054532082982,40.4246178647453],[-74.2054781168648,40.4245694757038],[-74.2055007867019,40.4245204480646],[-74.2055211898527,40.4244708422993],[-74.2055393011568,40.4244207195926],[-74.2055697343975,40.4243212405498],[-74.2055947580415,40.4242208847039],[-74.2056143292912,40.4241198237884],[-74.20562841468,40.4240182307427],[-74.2056945085774,40.4236142565837]]}},{"type":"Feature","id":266932,"properties":{"OBJECTID":266932,"PRIMENAME":"Woodmere Drive","ELEVTYP_F":0,"ELEVTYP_T":0},"geometry":{"type":"LineString","coordinates":[[-74.2134173209269,40.4429963018954],[-74.2134343835741,40.4429886851562],[-74.2135157005212,40.4429364541855],[-74.213530726844,40.4429220109444],[-74.2136096460119,40.4428461519998],[-74.213666294333,40.4427223760714],[-74.2136793731393,40.4425698599893],[-74.2136613715587,40.4424173497832],[-74.213599432081,40.442298029164],[-74.2135874176691,40.4422844384731]]}},{"type":"Feature","id":267069,"properties":{"OBJECTID":267069,"PRIMENAME":"East 8th Street","ELEVTYP_F":0,"ELEVTYP_T":0},"geometry":{"type":"LineString","coordinates":[[-74.1918490927354,40.4339560672855],[-74.1924322793468,40.433583483434],[-74.1925136721013,40.4335314591941]]}},{"type":"Feature","id":268772,"properties":{"OBJECTID":268772,"PRIMENAME":"Main Street","ELEVTYP_F":0,"ELEVTYP_T":0},"geometry":{"type":"LineString","coordinates":[[-74.1961648578065,40.4260603889751],[-74.1962082443577,40.4260937735868]]}},{"type":"Feature","id":269394,"properties":{"OBJECTID":269394,"PRIMENAME":"Unnamed Segment","ELEVTYP_F":0,"ELEVTYP_T":0},"geometry":{"type":"LineString","coordinates":[[-74.1974644939862,40.4393311966635],[-74.1970034932775,40.4393651962457]]}},{"type":"Feature","id":269808,"properties":{"OBJECTID":269808,"PRIMENAME":"FR GSP SB TO CO 3","ELEVTYP_F":0,"ELEVTYP_T":0},"geometry":{"type":"LineString","coordinates":[[-74.2168030790364,40.4226718864403],[-74.2166205953895,40.4225354941991],[-74.2164336972761,40.4224026396326],[-74.2162425020944,40.4222734061741],[-74.2160471299392,40.422147874982],[-74.2158633693967,40.4220208677786],[-74.2156845708782,40.4218897893153],[-74.2154567467643,40.4217061431509],[-74.2152335899458,40.4215191800334],[-74.2151438396887,40.4214350731082],[-74.2150561242961,40.4213497215083],[-74.2149704733073,40.4212631539844],[-74.2148869155656,40.4211753996966],[-74.2148457162536,40.4211248043202],[-74.2148075827828,40.4210728239417],[-74.2147725946964,40.4210195669973],[-74.2147408249754,40.4209651445861],[-74.2147169171761,40.4209131183283],[-74.2146968106843,40.4208601611684],[-74.2146805670351,40.420806435203],[-74.2146682359393,40.4207521048818],[-74.2146347105767,40.4205528017325],[-74.2146080709774,40.4203528924123],[-74.2145905503816,40.4202445674356],[-74.214566384847,40.4201369919018],[-74.214544106084,40.420079960606],[-74.2145180950913,40.4200238598836],[-74.2144884179807,40.4199688323053],[-74.2144551501803,40.4199150177145],[-74.214411219163,40.4198637697818],[-74.2143644236433,40.4198140250331],[-74.2143148515491,40.4197658769314],[-74.2142625960249,40.4197194159396],[-74.2141957128115,40.4196763922569],[-74.2141264318209,40.4196356452609],[-74.2140548856205,40.4195972529174],[-74.2139812111114,40.4195612886868],[-74.2139055492663,40.4195278213833],[-74.2138280448597,40.4194969150435],[-74.2137488461912,40.4194686288036],[-74.2136681048015,40.4194430167864],[-74.2135178260319,40.4194080800585],[-74.2133657876688,40.4193779167722],[-74.2132122491492,40.4193525783974],[-74.2130574724686,40.4193321081708],[-74.2129317711825,40.4193172873394],[-74.2128078376289,40.4192954372163],[-74.2126863437915,40.4192666762763],[-74.2125679484234,40.4192311604651]]}},{"type":"Feature","id":269818,"properties":{"OBJECTID":269818,"PRIMENAME":"Unnamed Segment","ELEVTYP_F":0,"ELEVTYP_T":0},"geometry":{"type":"LineString","coordinates":[[-74.1963825015843,40.4228881192487],[-74.19646690036,40.4232628359337],[-74.1966848503979,40.423389927407],[-74.1969494284443,40.4234564104041],[-74.1973265757018,40.4235231884435],[-74.1979759676685,40.4234236724977],[-74.1987912172305,40.4232537325018]]}},{"type":"Feature","id":269877,"properties":{"OBJECTID":269877,"PRIMENAME":"Fulton Street","ELEVTYP_F":0,"ELEVTYP_T":0},"geometry":{"type":"LineString","coordinates":[[-74.1915612962299,40.4362355369305],[-74.1916315461021,40.4364450979003],[-74.1916457900665,40.4364896067904]]}},{"type":"Feature","id":270204,"properties":{"OBJECTID":270204,"PRIMENAME":"Broad Street","ELEVTYP_F":0,"ELEVTYP_T":0},"geometry":{"type":"LineString","coordinates":[[-74.1975203454821,40.4286747000417],[-74.1986809595696,40.4309710096073],[-74.199070448854,40.4317441002116],[-74.1991073418263,40.4318168329119]]}},{"type":"Feature","id":270547,"properties":{"OBJECTID":270547,"PRIMENAME":"Florence Avenue","ELEVTYP_F":0,"ELEVTYP_T":0},"geometry":{"type":"LineString","coordinates":[[-74.1848012292447,40.4378816365882],[-74.1843956408091,40.4385275909531],[-74.1843515881214,40.4386132565952],[-74.184314024439,40.4386862850533]]}},{"type":"Feature","id":270586,"properties":{"OBJECTID":270586,"PRIMENAME":"Warren Street","ELEVTYP_F":0,"ELEVTYP_T":0},"geometry":{"type":"LineString","coordinates":[[-74.1957752341581,40.4365721687062],[-74.1961308917098,40.4363288946337],[-74.196218357348,40.4363004922492],[-74.1966879728423,40.4361607345868]]}},{"type":"Feature","id":271414,"properties":{"OBJECTID":271414,"PRIMENAME":"Francis Street","ELEVTYP_F":0,"ELEVTYP_T":0},"geometry":{"type":"LineString","coordinates":[[-74.2032995272962,40.4299048485667],[-74.2033944297666,40.4298899658092],[-74.2045373598792,40.4297105863534]]}},{"type":"Feature","id":271463,"properties":{"OBJECTID":271463,"PRIMENAME":"Provost Avenue","ELEVTYP_F":0,"ELEVTYP_T":0},"geometry":{"type":"LineString","coordinates":[[-74.2124269356815,40.4309385151165],[-74.2128634678751,40.430984126003]]}},{"type":"Feature","id":271569,"properties":{"OBJECTID":271569,"PRIMENAME":"Chingarora Avenue","ELEVTYP_F":0,"ELEVTYP_T":0},"geometry":{"type":"LineString","coordinates":[[-74.2100374738567,40.4274305734546],[-74.210021719748,40.4275190652074],[-74.2099258663297,40.4280573426369],[-74.2099042957163,40.4281782131416]]}},{"type":"Feature","id":271640,"properties":{"OBJECTID":271640,"PRIMENAME":"Christopher Lane","ELEVTYP_F":0,"ELEVTYP_T":0},"geometry":{"type":"LineString","coordinates":[[-74.1870143160504,40.4343579882689],[-74.1873913741618,40.4344858140743],[-74.187470894833,40.4345082613716],[-74.1875428047395,40.4345213267912],[-74.18774171761,40.4345546259023],[-74.1878686959275,40.4345807099909],[-74.1880598823173,40.4346292013076],[-74.1884973209716,40.43473919702]]}},{"type":"Feature","id":271899,"properties":{"OBJECTID":271899,"PRIMENAME":"Geran Street","ELEVTYP_F":0,"ELEVTYP_T":0},"geometry":{"type":"LineString","coordinates":[[-74.2130454488043,40.4249241879666],[-74.2132972435673,40.4249534530477],[-74.2134405775008,40.4249680835687],[-74.213496684003,40.4249682226163],[-74.213507573156,40.4249640949379]]}},{"type":"Feature","id":272959,"properties":{"OBJECTID":272959,"PRIMENAME":"1st Street","ELEVTYP_F":0,"ELEVTYP_T":0},"geometry":{"type":"LineString","coordinates":[[-74.1882021410307,40.4404606759944],[-74.1880464454196,40.4405347262273]]}},{"type":"Feature","id":272974,"properties":{"OBJECTID":272974,"PRIMENAME":"Stonehurst Terrace","ELEVTYP_F":0,"ELEVTYP_T":0},"geometry":{"type":"LineString","coordinates":[[-74.1874743731776,40.4244428614412],[-74.1876136376627,40.424434920378],[-74.1880128188285,40.4244121699593],[-74.1880938895058,40.4244123886962],[-74.1881874173113,40.4244221940801],[-74.1882621726592,40.4244366708386],[-74.1883493180158,40.4244750353445],[-74.1884114986621,40.4245133334079],[-74.1884674078863,40.4245563915432],[-74.1885296547725,40.4245803596106],[-74.1885920259678,40.4245853037238],[-74.1886544277566,40.4245759465957],[-74.1887105777198,40.4245665717009],[-74.1887731553435,40.4245190565926],[-74.188829868893,40.424395292647],[-74.1891385989278,40.4237098601934],[-74.1891389061313,40.4236431261576],[-74.1891266694488,40.4235859115024],[-74.1890832031549,40.4235476641457],[-74.1890397575961,40.4235046686441],[-74.188977489772,40.4234854219563],[-74.1886907686588,40.4234560729263],[-74.1880674363697,40.4233971841041],[-74.1877994166254,40.4233631072139],[-74.1875063724393,40.423357538536],[-74.1873865185187,40.4233552655417]]}},{"type":"Feature","id":273080,"properties":{"OBJECTID":273080,"PRIMENAME":"Pershing Place","ELEVTYP_F":0,"ELEVTYP_T":0},"geometry":{"type":"LineString","coordinates":[[-74.2030724750762,40.4290345435006],[-74.2029552512182,40.4290690791828],[-74.2022896336381,40.4292651542266],[-74.2009150447021,40.429670059809]]}},{"type":"Feature","id":273122,"properties":{"OBJECTID":273122,"PRIMENAME":"Beers Street","ELEVTYP_F":0,"ELEVTYP_T":0},"geometry":{"type":"LineString","coordinates":[[-74.2041262777805,40.4336644029865],[-74.2041275431675,40.4333756977904],[-74.2041352984264,40.4330326005878],[-74.2041165998888,40.4329628260373]]}},{"type":"Feature","id":274266,"properties":{"OBJECTID":274266,"PRIMENAME":"Geran Street","ELEVTYP_F":0,"ELEVTYP_T":0},"geometry":{"type":"LineString","coordinates":[[-74.2129002295848,40.4249073096757],[-74.2130454488043,40.4249241879666]]}},{"type":"Feature","id":274514,"properties":{"OBJECTID":274514,"PRIMENAME":"Atlantic Street","ELEVTYP_F":0,"ELEVTYP_T":0},"geometry":{"type":"LineString","coordinates":[[-74.1962425505475,40.431576957302],[-74.1962350424579,40.4315539793418],[-74.1961227497223,40.4312102798235],[-74.1960519955278,40.4309673675269]]}},{"type":"Feature","id":275956,"properties":{"OBJECTID":275956,"PRIMENAME":"FR CO 516 NB to RT 35 NB","ELEVTYP_F":0,"ELEVTYP_T":0},"geometry":{"type":"LineString","coordinates":[[-74.2107095456338,40.4288626504363],[-74.2107873957352,40.4286516321939],[-74.2108116703846,40.4286117782894],[-74.2108399004093,40.4285795933268],[-74.2108681682058,40.4285550945253],[-74.2109084346505,40.4285306536395],[-74.2109527469372,40.4285092697247],[-74.211009066068,40.4284940104462],[-74.2110753753486,40.4284865720584],[-74.2112267790751,40.4284722086226]]}},{"type":"Feature","id":276102,"properties":{"OBJECTID":276102,"PRIMENAME":"North Concourse","ELEVTYP_F":0,"ELEVTYP_T":0},"geometry":{"type":"LineString","coordinates":[[-74.2137130571506,40.4458261623195],[-74.2140963574398,40.4457545563494],[-74.214575896934,40.4456538961852]]}},{"type":"Feature","id":276488,"properties":{"OBJECTID":276488,"PRIMENAME":"Jackson Street","ELEVTYP_F":0,"ELEVTYP_T":0},"geometry":{"type":"LineString","coordinates":[[-74.2044804333171,40.4270160389359],[-74.2043181799443,40.4270394514672],[-74.2035956780022,40.4271475454584]]}},{"type":"Feature","id":276547,"properties":{"OBJECTID":276547,"PRIMENAME":"Florence Avenue","ELEVTYP_F":0,"ELEVTYP_T":0},"geometry":{"type":"LineString","coordinates":[[-74.1918662296374,40.4284699418081],[-74.1918230396719,40.428535380759],[-74.1918016601218,40.4285677594595],[-74.1917941286765,40.4285798980081],[-74.1917873867317,40.428592304667],[-74.1917814505716,40.4286049494704],[-74.1917763345342,40.4286178018775],[-74.1917720509767,40.4286308308458],[-74.1917686102457,40.4286440049066],[-74.191766020652,40.4286572922406],[-74.1917642884509,40.4286706607547],[-74.191760719366,40.4287027590959],[-74.1917598456362,40.4287097812676],[-74.1917577021358,40.4287166422847],[-74.1917543305454,40.4287232087328],[-74.1917497964261,40.4287293529257],[-74.1917324485881,40.4287524513475],[-74.1917141121708,40.4287703333191]]}},{"type":"Feature","id":276625,"properties":{"OBJECTID":276625,"PRIMENAME":"Northwest 1st Street","ELEVTYP_F":0,"ELEVTYP_T":0},"geometry":{"type":"LineString","coordinates":[[-74.2078532686784,40.4336661949924],[-74.2079877865106,40.4336796013303]]}},{"type":"Feature","id":276664,"properties":{"OBJECTID":276664,"PRIMENAME":"Main Street","ELEVTYP_F":0,"ELEVTYP_T":0},"geometry":{"type":"LineString","coordinates":[[-74.1993665461476,40.4291120159919],[-74.198985675359,40.4283582465251],[-74.1989354928964,40.4282614040964]]}},{"type":"Feature","id":277887,"properties":{"OBJECTID":277887,"PRIMENAME":"Beers Street","ELEVTYP_F":0,"ELEVTYP_T":0},"geometry":{"type":"LineString","coordinates":[[-74.2054001211762,40.4361988831803],[-74.2053380289283,40.4361191975122],[-74.2051333519326,40.4358565407313],[-74.2050402650416,40.4357419129603],[-74.2049597834773,40.4356035160626],[-74.2048669567295,40.435445981409],[-74.2047493750358,40.4352312297274],[-74.2046071748364,40.4349449032769],[-74.2043723026603,40.43445819039],[-74.2041804988859,40.4341050296921],[-74.2041769214402,40.434095935778],[-74.2041373294175,40.4339953049749],[-74.2041254124401,40.4338618328807],[-74.2041256036966,40.4338181973379],[-74.2041262777805,40.4336644029865]]}},{"type":"Feature","id":277904,"properties":{"OBJECTID":277904,"PRIMENAME":"1st Street","ELEVTYP_F":0,"ELEVTYP_T":0},"geometry":{"type":"LineString","coordinates":[[-74.1983957726565,40.4388317647782],[-74.1978575467005,40.4388692850191],[-74.1969496360157,40.4389236975531]]}},{"type":"Feature","id":278491,"properties":{"OBJECTID":278491,"PRIMENAME":"State Street","ELEVTYP_F":0,"ELEVTYP_T":0},"geometry":{"type":"LineString","coordinates":[[-74.1850922049457,40.4427484896708],[-74.1844119740358,40.443040887843],[-74.1843116698695,40.4430840148645]]}},{"type":"Feature","id":279033,"properties":{"OBJECTID":279033,"PRIMENAME":"Octavia Place","ELEVTYP_F":0,"ELEVTYP_T":0},"geometry":{"type":"LineString","coordinates":[[-74.1943793457723,40.4342047696031],[-74.1944566991083,40.4341560008448],[-74.1950133714021,40.4338047448204]]}},{"type":"Feature","id":279043,"properties":{"OBJECTID":279043,"PRIMENAME":"West 2nd Street","ELEVTYP_F":0,"ELEVTYP_T":0},"geometry":{"type":"LineString","coordinates":[[-74.2084527905268,40.4323435261304],[-74.2090280494248,40.4324190674833],[-74.2091175688546,40.4324282964564]]}},{"type":"Feature","id":279345,"properties":{"OBJECTID":279345,"PRIMENAME":"Beachwood Way","ELEVTYP_F":0,"ELEVTYP_T":0},"geometry":{"type":"LineString","coordinates":[[-74.2112658283135,40.4455881651034],[-74.2110433092712,40.4448986303373],[-74.2110122811542,40.4448025005422]]}},{"type":"Feature","id":279601,"properties":{"OBJECTID":279601,"PRIMENAME":"Unnamed Segment","ELEVTYP_F":0,"ELEVTYP_T":0},"geometry":{"type":"LineString","coordinates":[[-74.1956794927835,40.431786194976],[-74.1954834921125,40.4318771938901]]}},{"type":"Feature","id":281362,"properties":{"OBJECTID":281362,"PRIMENAME":"Unnamed Segment","ELEVTYP_F":0,"ELEVTYP_T":0},"geometry":{"type":"LineString","coordinates":[[-74.1989524124054,40.4247259382099],[-74.1983556332861,40.4255505423627]]}},{"type":"Feature","id":282411,"properties":{"OBJECTID":282411,"PRIMENAME":"Galewood Drive","ELEVTYP_F":0,"ELEVTYP_T":0},"geometry":{"type":"LineString","coordinates":[[-74.1874743731776,40.4244428614412],[-74.1874234267478,40.4237624176325],[-74.1873865185187,40.4233552655417]]}},{"type":"Feature","id":282783,"properties":{"OBJECTID":282783,"PRIMENAME":"FR RT 36 NB to CO 516","ELEVTYP_F":0,"ELEVTYP_T":0},"geometry":{"type":"LineString","coordinates":[[-74.1857458434284,40.4307034273931],[-74.1862017802041,40.4305117359397],[-74.1864449892933,40.4304251273139],[-74.1865544297902,40.4303906152096],[-74.1866410487614,40.4303734460317],[-74.186736689163,40.4303632730939],[-74.186836894815,40.4303600861048],[-74.186932520973,40.4303603450889],[-74.1870690371022,40.4303746052614],[-74.1873830629338,40.4304172085178],[-74.187505911548,40.4304349446167],[-74.1876242290309,40.4304456964819],[-74.1877153307562,40.430445942594],[-74.1878064076509,40.4304357564447],[-74.1878703040595,40.4304150665243],[-74.1879296617809,40.4303734451331],[-74.1879890525781,40.4303249059782],[-74.1881071521395,40.4301963123118]]}},{"type":"Feature","id":283414,"properties":{"OBJECTID":283414,"PRIMENAME":"Florence Avenue","ELEVTYP_F":0,"ELEVTYP_T":0},"geometry":{"type":"LineString","coordinates":[[-74.1855575304927,40.4366884553523],[-74.1851777450281,40.4372819682877],[-74.1851757551943,40.4372850367524]]}},{"type":"Feature","id":284655,"properties":{"OBJECTID":284655,"PRIMENAME":"Walnut Street","ELEVTYP_F":0,"ELEVTYP_T":0},"geometry":{"type":"LineString","coordinates":[[-74.1892734463964,40.4399434961336],[-74.1891912697094,40.4398515045844],[-74.1890918487219,40.4397749765117],[-74.1889674355222,40.4397031581072],[-74.1887807034323,40.4396120926754],[-74.1887753323734,40.4396096798135]]}},{"type":"Feature","id":285042,"properties":{"OBJECTID":285042,"PRIMENAME":"1st Street","ELEVTYP_F":0,"ELEVTYP_T":0},"geometry":{"type":"LineString","coordinates":[[-74.200105851152,40.4387243477178],[-74.1984502934171,40.4388279531939],[-74.1983957726565,40.4388317647782]]}},{"type":"Feature","id":285048,"properties":{"OBJECTID":285048,"PRIMENAME":"Clark Street","ELEVTYP_F":0,"ELEVTYP_T":0},"geometry":{"type":"LineString","coordinates":[[-74.2004655538095,40.4235846218651],[-74.2011152212009,40.423483478649],[-74.2014958824739,40.4234225033017]]}},{"type":"Feature","id":285290,"properties":{"OBJECTID":285290,"PRIMENAME":"Myrtle Avenue","ELEVTYP_F":0,"ELEVTYP_T":0},"geometry":{"type":"LineString","coordinates":[[-74.1940940621074,40.4391035971841],[-74.1941470615688,40.4391736567616],[-74.1948476763824,40.4401001037748]]}},{"type":"Feature","id":285779,"properties":{"OBJECTID":285779,"PRIMENAME":"South Concourse","ELEVTYP_F":0,"ELEVTYP_T":0},"geometry":{"type":"LineString","coordinates":[[-74.2130057733093,40.4452440558786],[-74.2121433858484,40.4454200166613]]}},{"type":"Feature","id":286624,"properties":{"OBJECTID":286624,"PRIMENAME":"Main Street","ELEVTYP_F":0,"ELEVTYP_T":0},"geometry":{"type":"LineString","coordinates":[[-74.2021211683703,40.4345623010487],[-74.2018730219167,40.4340514468295],[-74.2016817918103,40.4336773102393]]}},{"type":"Feature","id":286630,"properties":{"OBJECTID":286630,"PRIMENAME":"Monroe Street","ELEVTYP_F":0,"ELEVTYP_T":0},"geometry":{"type":"LineString","coordinates":[[-74.2022994560554,40.4261331998315],[-74.2023034457192,40.4261325787546],[-74.2023128284354,40.4261311204573],[-74.2023889602331,40.4261194568058],[-74.2032927733324,40.4259811184843]]}},{"type":"Feature","id":288024,"properties":{"OBJECTID":288024,"PRIMENAME":"Middle Road","ELEVTYP_F":0,"ELEVTYP_T":0},"geometry":{"type":"LineString","coordinates":[[-74.1904099027421,40.4315598239522],[-74.1903591133018,40.4315139750178],[-74.1903299783296,40.4314915547897],[-74.1902425923244,40.4314243076211],[-74.1901493742376,40.431352546956],[-74.1900141568648,40.4312663705372],[-74.189883504354,40.4311874266407],[-74.1895832643326,40.4310130440098]]}},{"type":"Feature","id":288519,"properties":{"OBJECTID":288519,"PRIMENAME":"Kearney Street","ELEVTYP_F":0,"ELEVTYP_T":0},"geometry":{"type":"LineString","coordinates":[[-74.2039347544437,40.4356562381577],[-74.2040294161603,40.435853719841]]}},{"type":"Feature","id":288647,"properties":{"OBJECTID":288647,"PRIMENAME":"FR RT 35 NB to CO 4","ELEVTYP_F":0,"ELEVTYP_T":0},"geometry":{"type":"LineString","coordinates":[[-74.1930305099209,40.4231454772792],[-74.1931877462564,40.4232449121235],[-74.1932504256225,40.4232845544768],[-74.1932907429814,40.4233207051299],[-74.1933376302636,40.4233654383002],[-74.1933692546304,40.4234095275431],[-74.1933911561386,40.4234513943276],[-74.1933999100141,40.4235011870173],[-74.1933974004571,40.4235475183914],[-74.1933815883092,40.4235886547097],[-74.1933589786587,40.4236160463134],[-74.1933296583198,40.4236417178996],[-74.1933003781601,40.4236587974608],[-74.1932621612024,40.4236741510918],[-74.1932261674638,40.4236826206984],[-74.1931924950387,40.4236859627946],[-74.1931498295344,40.4236841473546],[-74.1931011271446,40.423675234127],[-74.1930521665513,40.4236598679945],[-74.1930018448473,40.423635687247],[-74.1928660777438,40.423554289606]]}},{"type":"Feature","id":289749,"properties":{"OBJECTID":289749,"PRIMENAME":"Maple Place","ELEVTYP_F":0,"ELEVTYP_T":0},"geometry":{"type":"LineString","coordinates":[[-74.213663288423,40.4261476521695],[-74.2135827752708,40.4262171876362],[-74.2133244098033,40.42644032706],[-74.2129660414256,40.4267482139289]]}},{"type":"Feature","id":289945,"properties":{"OBJECTID":289945,"PRIMENAME":"Elmwood Drive","ELEVTYP_F":0,"ELEVTYP_T":0},"geometry":{"type":"LineString","coordinates":[[-74.2131994504493,40.4431036464616],[-74.2132215195934,40.4431692551324],[-74.213831312865,40.4449865751868],[-74.2138601603861,40.4450724873853]]}},{"type":"Feature","id":290155,"properties":{"OBJECTID":290155,"PRIMENAME":"Maple Place","ELEVTYP_F":0,"ELEVTYP_T":0},"geometry":{"type":"LineString","coordinates":[[-74.1989068964107,40.4334251929519],[-74.1986905638429,40.4334876309467],[-74.1982923530489,40.4336116895941],[-74.1980909598776,40.433683087194]]}},{"type":"Feature","id":290572,"properties":{"OBJECTID":290572,"PRIMENAME":"Beers Street","ELEVTYP_F":0,"ELEVTYP_T":0},"geometry":{"type":"LineString","coordinates":[[-74.201377510675,40.4227438132509],[-74.2012187136341,40.4221260712818],[-74.2011971052099,40.4220334762448]]}},{"type":"Feature","id":290573,"properties":{"OBJECTID":290573,"PRIMENAME":"Maple Place","ELEVTYP_F":0,"ELEVTYP_T":0},"geometry":{"type":"LineString","coordinates":[[-74.2038619749047,40.4319693600159],[-74.2035101399183,40.4320738719637],[-74.2023112611467,40.4324259597747]]}},{"type":"Feature","id":290814,"properties":{"OBJECTID":290814,"PRIMENAME":"Beers Street","ELEVTYP_F":0,"ELEVTYP_T":0},"geometry":{"type":"LineString","coordinates":[[-74.2041165998888,40.4329628260373],[-74.2040739355555,40.4328036618994],[-74.2038900397264,40.4320739944931],[-74.2038619749047,40.4319693600159]]}},{"type":"Feature","id":291413,"properties":{"OBJECTID":291413,"PRIMENAME":"Lower Main Street","ELEVTYP_F":0,"ELEVTYP_T":0},"geometry":{"type":"LineString","coordinates":[[-74.2161171635359,40.4240127539559],[-74.2158453189368,40.424251848813],[-74.2152865223874,40.4247340342492]]}},{"type":"Feature","id":292068,"properties":{"OBJECTID":292068,"PRIMENAME":"Cedar Street","ELEVTYP_F":0,"ELEVTYP_T":0},"geometry":{"type":"LineString","coordinates":[[-74.1934583943164,40.4397738174943],[-74.1930675011303,40.4392660796854],[-74.1929972091695,40.4391748086665]]}},{"type":"Feature","id":292154,"properties":{"OBJECTID":292154,"PRIMENAME":"Monroe Street","ELEVTYP_F":0,"ELEVTYP_T":0},"geometry":{"type":"LineString","coordinates":[[-74.1920401989299,40.429274050105],[-74.1924835508247,40.4291656167844],[-74.1929060743475,40.4290396657088]]}},{"type":"Feature","id":292658,"properties":{"OBJECTID":292658,"PRIMENAME":"Prospect Avenue","ELEVTYP_F":0,"ELEVTYP_T":0},"geometry":{"type":"LineString","coordinates":[[-74.2165524942076,40.4420027366218],[-74.2164897134252,40.4417999901475],[-74.2163726659172,40.4414470054321],[-74.2163578300399,40.4414034582394]]}},{"type":"Feature","id":292832,"properties":{"OBJECTID":292832,"PRIMENAME":"Luppatatong Avenue","ELEVTYP_F":0,"ELEVTYP_T":0},"geometry":{"type":"LineString","coordinates":[[-74.2081598472179,40.4328289267824],[-74.2079988726365,40.4336248910986],[-74.2079877865106,40.4336796013303]]}},{"type":"Feature","id":293245,"properties":{"OBJECTID":293245,"PRIMENAME":"Prospect Avenue","ELEVTYP_F":0,"ELEVTYP_T":0},"geometry":{"type":"LineString","coordinates":[[-74.2162212716128,40.4410168253169],[-74.2162685257264,40.4409892421323],[-74.2163500383675,40.440889354085],[-74.2165319452595,40.4406419676677],[-74.2165714692225,40.440590098569]]}},{"type":"Feature","id":294216,"properties":{"OBJECTID":294216,"PRIMENAME":"East Front Street","ELEVTYP_F":0,"ELEVTYP_T":0},"geometry":{"type":"LineString","coordinates":[[-74.2005503642063,40.4380656201283],[-74.2006765657181,40.4380278714988],[-74.2011576356561,40.4378819208726]]}},{"type":"Feature","id":294526,"properties":{"OBJECTID":294526,"PRIMENAME":"FR GSP NB TO NJ 36 SB","ELEVTYP_F":1,"ELEVTYP_T":0},"geometry":{"type":"LineString","coordinates":[[-74.2046934220267,40.4252233613698],[-74.2045950582521,40.4252661796695],[-74.2044936927377,40.4253046927925],[-74.2043896477852,40.4253387782806],[-74.2042832542176,40.4253683277542],[-74.2042302595645,40.4253792826993],[-74.2041087014555,40.4254000090265],[-74.2039856638887,40.4254147819664],[-74.2038616455829,40.4254235416388],[-74.2037371492328,40.4254262525372],[-74.2036126794712,40.4254229036735],[-74.2034887408231,40.425413508622],[-74.2033658356603,40.4253981054647],[-74.2032444621646,40.4253767566367],[-74.2032136288856,40.4253703360733],[-74.2026840946607,40.4252617496428],[-74.2023076222256,40.4251852512823],[-74.2021170825833,40.425148287228],[-74.2019512782563,40.4251153119256],[-74.2017837523671,40.425087885601],[-74.201690896402,40.4250833478514],[-74.2015978508522,40.4250832660231],[-74.2015049814683,40.4250876404377],[-74.2014126533086,40.4250964538998],[-74.2012910251808,40.4251223188152],[-74.2011716750582,40.4251537769027],[-74.2010550428796,40.4251907122048],[-74.200941558567,40.4252329885742]]}},{"type":"Feature","id":294638,"properties":{"OBJECTID":294638,"PRIMENAME":"May Street","ELEVTYP_F":0,"ELEVTYP_T":0},"geometry":{"type":"LineString","coordinates":[[-74.2120807960116,40.4275214112056],[-74.2122103479048,40.4276102929448],[-74.2128545719279,40.4280522508291]]}},{"type":"Feature","id":295901,"properties":{"OBJECTID":295901,"PRIMENAME":"Fulton Street","ELEVTYP_F":0,"ELEVTYP_T":0},"geometry":{"type":"LineString","coordinates":[[-74.1922043581609,40.4363806506818],[-74.1921212606348,40.4361228860134],[-74.1920779368855,40.4360512598152],[-74.1919660582667,40.435965174916],[-74.191415035288,40.4355291745453]]}},{"type":"Feature","id":296012,"properties":{"OBJECTID":296012,"PRIMENAME":"West Front Street","ELEVTYP_F":0,"ELEVTYP_T":0},"geometry":{"type":"LineString","coordinates":[[-74.2055968983847,40.4361066806533],[-74.2054001211762,40.4361988831803]]}},{"type":"Feature","id":296086,"properties":{"OBJECTID":296086,"PRIMENAME":"Francis Street","ELEVTYP_F":0,"ELEVTYP_T":0},"geometry":{"type":"LineString","coordinates":[[-74.2045373598792,40.4297105863534],[-74.2053665687444,40.4295804406458]]}},{"type":"Feature","id":296139,"properties":{"OBJECTID":296139,"PRIMENAME":"Northwest 1st Street","ELEVTYP_F":0,"ELEVTYP_T":0},"geometry":{"type":"LineString","coordinates":[[-74.2079877865106,40.4336796013303],[-74.208895338591,40.4337697628693]]}},{"type":"Feature","id":297306,"properties":{"OBJECTID":297306,"PRIMENAME":"Florence Avenue","ELEVTYP_F":0,"ELEVTYP_T":0},"geometry":{"type":"LineString","coordinates":[[-74.1871865468105,40.4340718274627],[-74.187116183701,40.434188736498],[-74.1870143160504,40.4343579882689]]}},{"type":"Feature","id":298887,"properties":{"OBJECTID":298887,"PRIMENAME":"Cass Street","ELEVTYP_F":0,"ELEVTYP_T":0},"geometry":{"type":"LineString","coordinates":[[-74.2043005651665,40.4259679427705],[-74.2043319847021,40.4260566849979],[-74.2043335632512,40.426061142708],[-74.2043596221366,40.4261524983894],[-74.2045618254785,40.4268613645175],[-74.2045680969309,40.4269304759645],[-74.2045554869752,40.426963798102],[-74.2045179257008,40.4270018325741],[-74.2044804333171,40.4270160389359]]}},{"type":"Feature","id":299311,"properties":{"OBJECTID":299311,"PRIMENAME":"FR NJ 36 SB TO FLORENCE AVE SB","ELEVTYP_F":0,"ELEVTYP_T":0},"geometry":{"type":"LineString","coordinates":[[-74.1924519681632,40.4280218716065],[-74.1924497041701,40.4280176390826],[-74.1924475824308,40.4280133637344],[-74.1924456043305,40.4280090483532],[-74.1924437711608,40.428004695757],[-74.1924420841187,40.4280003087877],[-74.1924405443056,40.4279958903098],[-74.1924391527271,40.4279914432084],[-74.1924379102916,40.4279869703872]]}},{"type":"Feature","id":299326,"properties":{"OBJECTID":299326,"PRIMENAME":"Manchester Avenue","ELEVTYP_F":0,"ELEVTYP_T":0},"geometry":{"type":"LineString","coordinates":[[-74.1945466615729,40.4364730957107],[-74.1951015531502,40.4369815360861]]}},{"type":"Feature","id":300192,"properties":{"OBJECTID":300192,"PRIMENAME":"Atlantic Street","ELEVTYP_F":0,"ELEVTYP_T":0},"geometry":{"type":"LineString","coordinates":[[-74.1950009735562,40.4274362182932],[-74.194826445033,40.4268603991861],[-74.1943786621556,40.4253536606816],[-74.1942920603477,40.4250622524575],[-74.1942347771512,40.424869637438]]}},{"type":"Feature","id":303280,"properties":{"OBJECTID":303280,"PRIMENAME":"Chingarora Avenue","ELEVTYP_F":0,"ELEVTYP_T":0},"geometry":{"type":"LineString","coordinates":[[-74.2093931570529,40.4309656002528],[-74.2093851290055,40.4310070798097],[-74.2092876413483,40.4314309312406]]}},{"type":"Feature","id":305322,"properties":{"OBJECTID":305322,"PRIMENAME":"FR MADISON ST TO RAMP B111860","ELEVTYP_F":0,"ELEVTYP_T":0},"geometry":{"type":"LineString","coordinates":[[-74.2061866832207,40.4230694796457],[-74.2061555920388,40.4230606355552],[-74.2061257568267,40.4230495489632],[-74.2060974537476,40.4230363224906],[-74.2060709447827,40.4230210785658],[-74.2060427842016,40.4230010037908],[-74.206017830522,40.4229785876352],[-74.2059964147209,40.4229541274222],[-74.2059788208486,40.4229279475864],[-74.2059679451458,40.4228909979112],[-74.2059618058611,40.4228534166697],[-74.205960460777,40.4228155576215],[-74.2059639225469,40.4227777771408],[-74.2059770617529,40.4226103107543],[-74.205986915991,40.4224427126947],[-74.2059934830728,40.4222750205962],[-74.2059967615481,40.4221072721139]]}},{"type":"Feature","id":305425,"properties":{"OBJECTID":305425,"PRIMENAME":"Beers Street","ELEVTYP_F":0,"ELEVTYP_T":0},"geometry":{"type":"LineString","coordinates":[[-74.2016885113498,40.4239505254368],[-74.2015430314461,40.4234172725061]]}},{"type":"Feature","id":306127,"properties":{"OBJECTID":306127,"PRIMENAME":"Unnamed Segment","ELEVTYP_F":0,"ELEVTYP_T":0},"geometry":{"type":"LineString","coordinates":[[-74.1969794921774,40.4391531966381],[-74.1970034932775,40.4393651962457]]}},{"type":"Feature","id":306352,"properties":{"OBJECTID":306352,"PRIMENAME":"Clark Street","ELEVTYP_F":0,"ELEVTYP_T":0},"geometry":{"type":"LineString","coordinates":[[-74.2043327538722,40.4232761738501],[-74.2044981973874,40.4232722296027]]}},{"type":"Feature","id":308485,"properties":{"OBJECTID":308485,"PRIMENAME":"Washington Street","ELEVTYP_F":0,"ELEVTYP_T":0},"geometry":{"type":"LineString","coordinates":[[-74.2106406595802,40.4350614856404],[-74.2106840095033,40.4348215302307],[-74.2107839490394,40.4342946822494]]}},{"type":"Feature","id":308978,"properties":{"OBJECTID":308978,"PRIMENAME":"Lower Main Street","ELEVTYP_F":0,"ELEVTYP_T":0},"geometry":{"type":"LineString","coordinates":[[-74.2147164221396,40.4252281576768],[-74.2145122279198,40.4254051287507],[-74.214307652941,40.4255824272508]]}},{"type":"Feature","id":309310,"properties":{"OBJECTID":309310,"PRIMENAME":"Walling Terrace","ELEVTYP_F":0,"ELEVTYP_T":0},"geometry":{"type":"LineString","coordinates":[[-74.2007418958639,40.4318256597016],[-74.2008289136076,40.4317992295462],[-74.2017469700626,40.4315204151942],[-74.2018371372352,40.4314964349405]]}},{"type":"Feature","id":309427,"properties":{"OBJECTID":309427,"PRIMENAME":"Main Street","ELEVTYP_F":0,"ELEVTYP_T":0},"geometry":{"type":"LineString","coordinates":[[-74.1956553537026,40.4257389662635],[-74.1961025354271,40.4260124866687],[-74.1961648578065,40.4260603889751]]}},{"type":"Feature","id":309980,"properties":{"OBJECTID":309980,"PRIMENAME":"Unnamed Segment","ELEVTYP_F":0,"ELEVTYP_T":0},"geometry":{"type":"LineString","coordinates":[[-74.2025767237828,40.4248164996661],[-74.202550074179,40.4245171928325]]}},{"type":"Feature","id":310101,"properties":{"OBJECTID":310101,"PRIMENAME":"Unnamed Segment","ELEVTYP_F":0,"ELEVTYP_T":0},"geometry":{"type":"LineString","coordinates":[[-74.1955384932941,40.429981195267],[-74.1954504917936,40.430021194219],[-74.1954044938318,40.4300321941568],[-74.1953604914999,40.4300271949446],[-74.1953224926362,40.430009193672],[-74.1952414918552,40.4299201940925],[-74.1952074925852,40.4298991951838],[-74.1951634915217,40.4298881949289],[-74.1951164900229,40.4298901947029],[-74.1950144925112,40.4299291936288],[-74.1948144911957,40.4299881946246],[-74.1946194910435,40.4300511938198],[-74.194446491066,40.4301071943093],[-74.1940024906766,40.4302261952366],[-74.1939724916874,40.4302371955182],[-74.1937754908565,40.4303051946527],[-74.1937494906487,40.4303221938291],[-74.1937334901857,40.4303491949887],[-74.1937494923202,40.4304241941178],[-74.1937984902612,40.4305181940964],[-74.1938384919568,40.4305981949853],[-74.1939404908978,40.4308051945483],[-74.1941024898764,40.4311101947968],[-74.1941184915943,40.431186195377],[-74.1940974923684,40.4312761948877],[-74.1941074906819,40.4313221945499],[-74.1941324921015,40.4313841950597],[-74.1941854901367,40.4314581950066],[-74.1943044918291,40.4314251959237],[-74.1951284917538,40.4311791938826],[-74.1951714917321,40.4311541955989],[-74.1951964906388,40.4311221950939],[-74.1952044918694,40.4310851953477],[-74.1950794920595,40.4306531948854],[-74.1950504924986,40.4306581953104],[-74.1950404908921,40.4306161954615],[-74.1950394902454,40.4305921952456],[-74.1950534930968,40.4305501947675],[-74.1950864915396,40.4305151937321],[-74.1955974923467,40.4302691945748],[-74.195625492752,40.4302551957798],[-74.1956554906252,40.430217194751],[-74.1956654924693,40.4301731950478],[-74.1956534926398,40.4301301947798],[-74.1955384932941,40.429981195267]]}},{"type":"Feature","id":310623,"properties":{"OBJECTID":310623,"PRIMENAME":"Village Green","ELEVTYP_F":0,"ELEVTYP_T":0},"geometry":{"type":"LineString","coordinates":[[-74.1997474911875,40.4227491934432],[-74.1994304926788,40.4228021939631]]}},{"type":"Feature","id":310765,"properties":{"OBJECTID":310765,"PRIMENAME":"Woodland Drive","ELEVTYP_F":0,"ELEVTYP_T":0},"geometry":{"type":"LineString","coordinates":[[-74.2137130571506,40.4458261623195],[-74.2137523960209,40.4459633792806],[-74.2138630079166,40.4463497317105],[-74.2139490851045,40.4466501546156],[-74.214010514067,40.4468743107344],[-74.2140348042505,40.4470268912654],[-74.2140464237459,40.447227069815],[-74.2140457571143,40.4473843646852],[-74.2140264760987,40.4475082061213],[-74.2139819651077,40.4477177979651],[-74.2139252524771,40.4478558759171],[-74.213780601377,40.4481319274003],[-74.2137239334489,40.44825095415],[-74.2136861479626,40.448331897311],[-74.2136172685579,40.4483984342771],[-74.2135421425307,40.4484554017509],[-74.21344839126,40.4484981037309],[-74.2133610133204,40.4485121613246]]}},{"type":"Feature","id":311134,"properties":{"OBJECTID":311134,"PRIMENAME":"3rd Street","ELEVTYP_F":0,"ELEVTYP_T":0},"geometry":{"type":"LineString","coordinates":[[-74.1937471814802,40.4373996943568],[-74.1936842026794,40.4374033516228]]}},{"type":"Feature","id":311657,"properties":{"OBJECTID":311657,"PRIMENAME":"Division Street","ELEVTYP_F":0,"ELEVTYP_T":0},"geometry":{"type":"LineString","coordinates":[[-74.1993769123199,40.4343511225276],[-74.1996798113012,40.4349465106948],[-74.1998244120822,40.4352377633116]]}},{"type":"Feature","id":312325,"properties":{"OBJECTID":312325,"PRIMENAME":"Saint George Place","ELEVTYP_F":0,"ELEVTYP_T":0},"geometry":{"type":"LineString","coordinates":[[-74.1993665461476,40.4291120159919],[-74.1994626575169,40.4290839082837],[-74.200052659614,40.4289115293644],[-74.2022940806723,40.428256622181],[-74.2027286189435,40.428129651978],[-74.2028235039377,40.428101867049]]}},{"type":"Feature","id":314064,"properties":{"OBJECTID":314064,"PRIMENAME":"Unnamed Segment","ELEVTYP_F":0,"ELEVTYP_T":0},"geometry":{"type":"LineString","coordinates":[[-74.2003514923518,40.4231661924119],[-74.1998884940232,40.4232481937452]]}},{"type":"Feature","id":314233,"properties":{"OBJECTID":314233,"PRIMENAME":"Malden Drive","ELEVTYP_F":0,"ELEVTYP_T":0},"geometry":{"type":"LineString","coordinates":[[-74.2157921082527,40.4425411435034],[-74.2165245583051,40.4424005777969],[-74.2166713419147,40.4423724152823]]}},{"type":"Feature","id":314289,"properties":{"OBJECTID":314289,"PRIMENAME":"Green Grove Avenue","ELEVTYP_F":0,"ELEVTYP_T":0},"geometry":{"type":"LineString","coordinates":[[-74.1964816753743,40.4372247649021],[-74.1965319494567,40.4373021726812],[-74.1966227887467,40.4381220599583]]}},{"type":"Feature","id":315195,"properties":{"OBJECTID":315195,"PRIMENAME":"Unnamed Segment","ELEVTYP_F":0,"ELEVTYP_T":0},"geometry":{"type":"LineString","coordinates":[[-74.1970034932775,40.4393651962457],[-74.1967304936203,40.439385196028]]}},{"type":"Feature","id":315201,"properties":{"OBJECTID":315201,"PRIMENAME":"Evergreen Street","ELEVTYP_F":0,"ELEVTYP_T":0},"geometry":{"type":"LineString","coordinates":[[-74.1863067611413,40.4355033761842],[-74.1864083655227,40.4355409860601],[-74.1883243119774,40.4362495030492]]}},{"type":"Feature","id":315324,"properties":{"OBJECTID":315324,"PRIMENAME":"Main Street","ELEVTYP_F":0,"ELEVTYP_T":0},"geometry":{"type":"LineString","coordinates":[[-74.1983999931682,40.4274099425523],[-74.1982491241956,40.4273116987008],[-74.1982357689786,40.4273030014741],[-74.1981482151244,40.4272495441093],[-74.1980724805211,40.4272032983584],[-74.1976635881039,40.4269536122461],[-74.1974482330732,40.4268264700313]]}},{"type":"Feature","id":316030,"properties":{"OBJECTID":316030,"PRIMENAME":"2nd Street","ELEVTYP_F":0,"ELEVTYP_T":0},"geometry":{"type":"LineString","coordinates":[[-74.193856699535,40.4382842541359],[-74.1965531756827,40.4381267362116],[-74.1966227887467,40.4381220599583]]}},{"type":"Feature","id":316566,"properties":{"OBJECTID":316566,"PRIMENAME":"East 3rd Street","ELEVTYP_F":0,"ELEVTYP_T":0},"geometry":{"type":"LineString","coordinates":[[-74.1924832822898,40.4375446602882],[-74.1924078806103,40.437558185447],[-74.1910719758042,40.4377976790254],[-74.1904283472014,40.4380533160268]]}},{"type":"Feature","id":316654,"properties":{"OBJECTID":316654,"PRIMENAME":"Brookside Avenue","ELEVTYP_F":0,"ELEVTYP_T":0},"geometry":{"type":"LineString","coordinates":[[-74.2169163524261,40.4459003728769],[-74.2172462698893,40.4458337872887],[-74.2177831597288,40.4457397602904],[-74.2178681116639,40.4457248846489],[-74.2181377066866,40.4456776787325]]}},{"type":"Feature","id":316715,"properties":{"OBJECTID":316715,"PRIMENAME":"Unnamed Segment","ELEVTYP_F":0,"ELEVTYP_T":0},"geometry":{"type":"LineString","coordinates":[[-74.202550074179,40.4245171928325],[-74.2036833617976,40.4244873348462],[-74.2040328833243,40.424399289915],[-74.204510946425,40.4243302968634],[-74.2044981973874,40.4232722296027]]}},{"type":"Feature","id":317115,"properties":{"OBJECTID":317115,"PRIMENAME":"South Concourse","ELEVTYP_F":0,"ELEVTYP_T":0},"geometry":{"type":"LineString","coordinates":[[-74.2173346890909,40.4443862372734],[-74.2165967041491,40.444531104035],[-74.2164590458429,40.4445581630229]]}},{"type":"Feature","id":317746,"properties":{"OBJECTID":317746,"PRIMENAME":"West Richard Street","ELEVTYP_F":0,"ELEVTYP_T":0},"geometry":{"type":"LineString","coordinates":[[-74.18252369719,40.4255859096038],[-74.1826814688776,40.4256224962797],[-74.1843433877678,40.4260073793029],[-74.1862011739059,40.4264375879277],[-74.1862893375682,40.426457977234]]}},{"type":"Feature","id":319111,"properties":{"OBJECTID":319111,"PRIMENAME":"Clark Street","ELEVTYP_F":0,"ELEVTYP_T":0},"geometry":{"type":"LineString","coordinates":[[-74.1991056253413,40.4237871764668],[-74.1999108197629,40.4236709824572]]}},{"type":"Feature","id":319629,"properties":{"OBJECTID":319629,"PRIMENAME":"Atlantic Street","ELEVTYP_F":0,"ELEVTYP_T":0},"geometry":{"type":"LineString","coordinates":[[-74.1952705647699,40.42832847491],[-74.1950722592803,40.4276712269461],[-74.1950315901094,40.4275371015413]]}},{"type":"Feature","id":319951,"properties":{"OBJECTID":319951,"PRIMENAME":"Center Street","ELEVTYP_F":0,"ELEVTYP_T":0},"geometry":{"type":"LineString","coordinates":[[-74.1947678723758,40.4251959633735],[-74.1948964272673,40.425173435398],[-74.1957335402341,40.4250266599872]]}},{"type":"Feature","id":321523,"properties":{"OBJECTID":321523,"PRIMENAME":"Clark Street","ELEVTYP_F":0,"ELEVTYP_T":0},"geometry":{"type":"LineString","coordinates":[[-74.2014958824739,40.4234225033017],[-74.2015430314461,40.4234172725061]]}},{"type":"Feature","id":322081,"properties":{"OBJECTID":322081,"PRIMENAME":"Fulton Street","ELEVTYP_F":0,"ELEVTYP_T":0},"geometry":{"type":"LineString","coordinates":[[-74.1922043581609,40.4363806506818],[-74.1920248336978,40.436414137515],[-74.1917845183992,40.4364616741144],[-74.1916457900665,40.4364896067904]]}},{"type":"Feature","id":322149,"properties":{"OBJECTID":322149,"PRIMENAME":"Fairfield Way","ELEVTYP_F":0,"ELEVTYP_T":0},"geometry":{"type":"LineString","coordinates":[[-74.2181355314367,40.4420091595423],[-74.2180235242799,40.4419610111096],[-74.2178490903863,40.4419081529897],[-74.2176870449148,40.4418744040054],[-74.2175249198641,40.4418597058251],[-74.2174001530561,40.4418641769906],[-74.2172503763226,40.4418780858989],[-74.2166448666463,40.4419862444979],[-74.2165524942076,40.4420027366218]]}},{"type":"Feature","id":322381,"properties":{"OBJECTID":322381,"PRIMENAME":"Branch Street","ELEVTYP_F":0,"ELEVTYP_T":0},"geometry":{"type":"LineString","coordinates":[[-74.1836905831488,40.439687138514],[-74.1837850188337,40.4397221507275],[-74.1842783957513,40.4399051464228],[-74.1847688700367,40.440087060334]]}},{"type":"Feature","id":322666,"properties":{"OBJECTID":322666,"PRIMENAME":"Beverly Drive","ELEVTYP_F":0,"ELEVTYP_T":0},"geometry":{"type":"LineString","coordinates":[[-74.2174453382073,40.4394305430572],[-74.217317158126,40.4393332713257],[-74.2170808206322,40.4391706464756],[-74.2170350855717,40.4391371253077],[-74.2166828463663,40.4388789597226],[-74.2164029803277,40.4386876494908]]}},{"type":"Feature","id":323101,"properties":{"OBJECTID":323101,"PRIMENAME":"Ash Street","ELEVTYP_F":0,"ELEVTYP_T":0},"geometry":{"type":"LineString","coordinates":[[-74.1843116698695,40.4430840148645],[-74.1842638292921,40.4430186779653],[-74.1842623651335,40.4430166781508],[-74.1840765052898,40.4427540637749],[-74.1839028421788,40.4425343609559],[-74.1838161004331,40.4424054314579],[-74.1837605156365,40.4422908883716],[-74.1836122271598,40.4419854416312],[-74.183567103462,40.441892559521]]}},{"type":"Feature","id":323656,"properties":{"OBJECTID":323656,"PRIMENAME":"Park Avenue","ELEVTYP_F":0,"ELEVTYP_T":0},"geometry":{"type":"LineString","coordinates":[[-74.1913439822716,40.4226088923789],[-74.1913268129951,40.4224908867459],[-74.1912603006794,40.4220331730439],[-74.1912434966989,40.421945392113]]}},{"type":"Feature","id":323723,"properties":{"OBJECTID":323723,"PRIMENAME":"Aspen Street","ELEVTYP_F":0,"ELEVTYP_T":0},"geometry":{"type":"LineString","coordinates":[[-74.1858417355412,40.4424104594153],[-74.1858867749309,40.4424682578165],[-74.186221619171,40.4428980964079]]}},{"type":"Feature","id":323841,"properties":{"OBJECTID":323841,"PRIMENAME":"Elm Place","ELEVTYP_F":0,"ELEVTYP_T":0},"geometry":{"type":"LineString","coordinates":[[-74.2169163524261,40.4459003728769],[-74.216933865269,40.4459569389492],[-74.2170815576348,40.4464338860913]]}},{"type":"Feature","id":324392,"properties":{"OBJECTID":324392,"PRIMENAME":"Main Street","ELEVTYP_F":0,"ELEVTYP_T":0},"geometry":{"type":"LineString","coordinates":[[-74.2120807960116,40.4275214112056],[-74.2120363033734,40.427560172087]]}},{"type":"Feature","id":325472,"properties":{"OBJECTID":325472,"PRIMENAME":"Maple Place","ELEVTYP_F":0,"ELEVTYP_T":0},"geometry":{"type":"LineString","coordinates":[[-74.2089138013732,40.429495876472],[-74.2097644529493,40.4289632250696]]}},{"type":"Feature","id":325728,"properties":{"OBJECTID":325728,"PRIMENAME":"Cedar Street","ELEVTYP_F":0,"ELEVTYP_T":0},"geometry":{"type":"LineString","coordinates":[[-74.1942889220912,40.4408992788132],[-74.1940064843052,40.440492851225],[-74.1939604449944,40.4404265999138],[-74.1934829677818,40.4398057535777],[-74.1934583943164,40.4397738174943]]}},{"type":"Feature","id":327265,"properties":{"OBJECTID":327265,"PRIMENAME":"Union Street","ELEVTYP_F":0,"ELEVTYP_T":0},"geometry":{"type":"LineString","coordinates":[[-74.1960519955278,40.4309673675269],[-74.1961676416763,40.4309339884371],[-74.1968660796839,40.4307324048835]]}},{"type":"Feature","id":327817,"properties":{"OBJECTID":327817,"PRIMENAME":"Green Grove Avenue","ELEVTYP_F":0,"ELEVTYP_T":0},"geometry":{"type":"LineString","coordinates":[[-74.1952245159732,40.4360540246227],[-74.1957370211221,40.4365375610231],[-74.1957752341581,40.4365721687062]]}},{"type":"Feature","id":328836,"properties":{"OBJECTID":328836,"PRIMENAME":"Woodmere Drive","ELEVTYP_F":0,"ELEVTYP_T":0},"geometry":{"type":"LineString","coordinates":[[-74.2110122811542,40.4448025005422],[-74.2110560022997,40.4448462304707],[-74.2111368948685,40.4448940881316],[-74.2112864348569,40.4449373681294],[-74.2113986019187,40.4449566994181],[-74.2115420689146,40.4449665835457],[-74.2116418896869,40.44495730652],[-74.2117667847428,40.4449242376066],[-74.2119334736511,40.4448391689481]]}},{"type":"Feature","id":330957,"properties":{"OBJECTID":330957,"PRIMENAME":"Sherwood Drive","ELEVTYP_F":0,"ELEVTYP_T":0},"geometry":{"type":"LineString","coordinates":[[-74.2155906975169,40.4447289742788],[-74.2155669066098,40.4446620162846],[-74.2154127954634,40.4442279306978],[-74.2152524550768,40.4437890795611],[-74.2151292952757,40.4434122783658],[-74.2149385965368,40.4427779528385],[-74.2149155687876,40.4427089647285]]}},{"type":"Feature","id":332715,"properties":{"OBJECTID":332715,"PRIMENAME":"Highland Avenue","ELEVTYP_F":0,"ELEVTYP_T":0},"geometry":{"type":"LineString","coordinates":[[-74.1869466091505,40.4384310892726],[-74.1869186760131,40.4384734265473],[-74.1868808642329,40.4385543060471],[-74.1868239934871,40.4387161986667],[-74.1867451499458,40.438967660656],[-74.1867260114091,40.4390581716964],[-74.1867258438745,40.439058966507],[-74.1867179675898,40.4390962793708]]}},{"type":"Feature","id":332872,"properties":{"OBJECTID":332872,"PRIMENAME":"Gaston Avenue","ELEVTYP_F":0,"ELEVTYP_T":0},"geometry":{"type":"LineString","coordinates":[[-74.213507573156,40.4249640949379],[-74.2135591434472,40.4249445490907],[-74.2136655234844,40.4248638025504],[-74.2139133976295,40.4246451773743]]}},{"type":"Feature","id":333133,"properties":{"OBJECTID":333133,"PRIMENAME":"Holmdel Road","ELEVTYP_F":0,"ELEVTYP_T":0},"geometry":{"type":"LineString","coordinates":[[-74.192312955173,40.4229613457223],[-74.1923165399114,40.4229706886155],[-74.1923808940286,40.4230463471691],[-74.1924343727194,40.423109220963],[-74.192687221028,40.4233698969478]]}},{"type":"Feature","id":333993,"properties":{"OBJECTID":333993,"PRIMENAME":"Woodmere Drive","ELEVTYP_F":0,"ELEVTYP_T":0},"geometry":{"type":"LineString","coordinates":[[-74.2127031282383,40.4443479997284],[-74.2127300661384,40.4443166343702],[-74.2127990791187,40.4442262429895],[-74.2128683312328,40.4440881966479],[-74.2129061689461,40.4439691513882],[-74.2129191593054,40.4438547925822],[-74.2129198485685,40.4436927756303],[-74.2129204568939,40.4435497826727],[-74.2129459354748,40.443430733716],[-74.2129837393861,40.4433450137823],[-74.2130402878368,40.443245093154],[-74.2130967715901,40.4431689456071],[-74.2131655638636,40.4431214878104],[-74.2131994504493,40.4431036464616]]}},{"type":"Feature","id":334014,"properties":{"OBJECTID":334014,"PRIMENAME":"Maple Place","ELEVTYP_F":0,"ELEVTYP_T":0},"geometry":{"type":"LineString","coordinates":[[-74.1972644162987,40.4339097064707],[-74.1971260895232,40.4339446474723],[-74.1969601867152,40.4339924726416]]}},{"type":"Feature","id":334065,"properties":{"OBJECTID":334065,"PRIMENAME":"Main Street","ELEVTYP_F":0,"ELEVTYP_T":0},"geometry":{"type":"LineString","coordinates":[[-74.1942347771512,40.424869637438],[-74.1947678723758,40.4251959633735]]}},{"type":"Feature","id":335293,"properties":{"OBJECTID":335293,"PRIMENAME":"West Front Street","ELEVTYP_F":0,"ELEVTYP_T":0},"geometry":{"type":"LineString","coordinates":[[-74.2096031847071,40.4349451253236],[-74.2088862595655,40.434867061466],[-74.2086555971666,40.4348378760767],[-74.2085059370784,40.4348279727559],[-74.2083998586481,40.4348420083175],[-74.2082625199163,40.4348654891744],[-74.2081376419216,40.4348985283002],[-74.2080058290954,40.434960585521]]}},{"type":"Feature","id":335678,"properties":{"OBJECTID":335678,"PRIMENAME":"Village Green","ELEVTYP_F":0,"ELEVTYP_T":0},"geometry":{"type":"LineString","coordinates":[[-74.2003514923518,40.4231661924119],[-74.2002704934229,40.4226761925405]]}},{"type":"Feature","id":336122,"properties":{"OBJECTID":336122,"PRIMENAME":"Garden State Parkway","ELEVTYP_F":0,"ELEVTYP_T":0},"geometry":{"type":"LineString","coordinates":[[-74.2174698351482,40.4230622601455],[-74.2173499940771,40.4229914676526],[-74.2171384695084,40.4228665157979],[-74.2168030790364,40.4226718864403]]}},{"type":"Feature","id":336254,"properties":{"OBJECTID":336254,"PRIMENAME":"Saint Peters Place","ELEVTYP_F":0,"ELEVTYP_T":0},"geometry":{"type":"LineString","coordinates":[[-74.2004075123042,40.4276888264417],[-74.1996353771104,40.4279139548865],[-74.1989618507533,40.4281103244028],[-74.1988709568105,40.4281368529561]]}},{"type":"Feature","id":336464,"properties":{"OBJECTID":336464,"PRIMENAME":"Garden State Parkway","ELEVTYP_F":0,"ELEVTYP_T":0},"geometry":{"type":"LineString","coordinates":[[-74.2168030790364,40.4226718864403],[-74.2166956202069,40.4226095238859],[-74.2163219610738,40.4223926768688],[-74.2160290060426,40.4222217092707],[-74.2156454310902,40.4219978521201],[-74.2152767525408,40.4217844472068],[-74.2151182408244,40.4216926928676],[-74.2145350295843,40.4213517049347],[-74.2143015119219,40.421217220602],[-74.2137932502033,40.4209245075011],[-74.2137620086372,40.4209062245706],[-74.2136260691864,40.42082666742]]}},{"type":"Feature","id":336473,"properties":{"OBJECTID":336473,"PRIMENAME":"Garden State Parkway Express","ELEVTYP_F":0,"ELEVTYP_T":0},"geometry":{"type":"LineString","coordinates":[[-74.2172351063652,40.423163833565],[-74.2167605205864,40.4229016342322],[-74.2161212000206,40.422556921521],[-74.2156032121757,40.4222910965381],[-74.2151131699455,40.4220432923958],[-74.2145997729394,40.4217810983983],[-74.2139862343933,40.4214740005729],[-74.2137457425559,40.4213536235466],[-74.2135450815465,40.421256552467]]}},{"type":"Feature","id":336712,"properties":{"OBJECTID":336712,"PRIMENAME":"Walling Terrace","ELEVTYP_F":0,"ELEVTYP_T":0},"geometry":{"type":"LineString","coordinates":[[-74.2035980341878,40.4309883324567],[-74.2036953197452,40.4309630513619],[-74.2047188409432,40.4308036239869],[-74.2048166527192,40.430789378845]]}},{"type":"Feature","id":336853,"properties":{"OBJECTID":336853,"PRIMENAME":"Highland Avenue","ELEVTYP_F":0,"ELEVTYP_T":0},"geometry":{"type":"LineString","coordinates":[[-74.1879494056188,40.4368425988043],[-74.1877317377413,40.4371891086409]]}},{"type":"Feature","id":336905,"properties":{"OBJECTID":336905,"PRIMENAME":"3rd Street","ELEVTYP_F":0,"ELEVTYP_T":0},"geometry":{"type":"LineString","coordinates":[[-74.2013093511898,40.4361623626035],[-74.2012148866404,40.4361896519738],[-74.2004294934728,40.4364165388028]]}},{"type":"Feature","id":337103,"properties":{"OBJECTID":337103,"PRIMENAME":"Elizabeth Street","ELEVTYP_F":0,"ELEVTYP_T":0},"geometry":{"type":"LineString","coordinates":[[-74.2041165998888,40.4329628260373],[-74.2040419953688,40.4329846782588],[-74.2027763089344,40.4333553493164]]}},{"type":"Feature","id":337943,"properties":{"OBJECTID":337943,"PRIMENAME":"West 2nd Street","ELEVTYP_F":0,"ELEVTYP_T":0},"geometry":{"type":"LineString","coordinates":[[-74.2107839490394,40.4342946822494],[-74.2106863113161,40.4342844732681],[-74.2098686868685,40.4341991087412],[-74.2097368990122,40.4341853268724]]}},{"type":"Feature","id":338006,"properties":{"OBJECTID":338006,"PRIMENAME":"Provost Avenue","ELEVTYP_F":0,"ELEVTYP_T":0},"geometry":{"type":"LineString","coordinates":[[-74.2103754573092,40.4307147418949],[-74.2104955295177,40.4307281640668],[-74.2114149179044,40.4308308814062]]}},{"type":"Feature","id":338810,"properties":{"OBJECTID":338810,"PRIMENAME":"Broad Street","ELEVTYP_F":0,"ELEVTYP_T":0},"geometry":{"type":"LineString","coordinates":[[-74.2012788027514,40.4360998314879],[-74.2013093511898,40.4361623626035]]}},{"type":"Feature","id":339691,"properties":{"OBJECTID":339691,"PRIMENAME":"Seawood Drive","ELEVTYP_F":0,"ELEVTYP_T":0},"geometry":{"type":"LineString","coordinates":[[-74.2124242617534,40.4460861679592],[-74.2123916076253,40.4461601786669],[-74.2123348983152,40.4462887307278],[-74.2123094744603,40.4464030026377],[-74.2122965178027,40.4465173884264],[-74.2122897582946,40.4466365107824],[-74.2122954814406,40.4467604411892],[-74.2122988198179,40.446778183972]]}},{"type":"Feature","id":340897,"properties":{"OBJECTID":340897,"PRIMENAME":"Chandler Avenue","ELEVTYP_F":0,"ELEVTYP_T":0},"geometry":{"type":"LineString","coordinates":[[-74.2111677468214,40.4321694073972],[-74.210253462842,40.4320702701312],[-74.2101269955254,40.4320565569792]]}},{"type":"Feature","id":341122,"properties":{"OBJECTID":341122,"PRIMENAME":"Bedle Road","ELEVTYP_F":0,"ELEVTYP_T":0},"geometry":{"type":"LineString","coordinates":[[-74.1944942974213,40.4225725994367],[-74.1943163984992,40.4233042602643],[-74.1942949148694,40.4233925429326]]}},{"type":"Feature","id":341262,"properties":{"OBJECTID":341262,"PRIMENAME":"Kearney Street","ELEVTYP_F":0,"ELEVTYP_T":0},"geometry":{"type":"LineString","coordinates":[[-74.2023112611467,40.4324259597747],[-74.202477484383,40.4327519089228],[-74.2027309276705,40.4332672778813],[-74.2027763089344,40.4333553493164]]}},{"type":"Feature","id":342384,"properties":{"OBJECTID":342384,"PRIMENAME":"Glen Avenue","ELEVTYP_F":0,"ELEVTYP_T":0},"geometry":{"type":"LineString","coordinates":[[-74.1888696818342,40.4263258251292],[-74.1894112043855,40.4268084254064],[-74.1894546071749,40.4268609746353],[-74.1894604489188,40.4269419994163],[-74.1894612767952,40.4269495679282],[-74.1894724453395,40.4270516459971]]}},{"type":"Feature","id":342411,"properties":{"OBJECTID":342411,"PRIMENAME":"Main Street","ELEVTYP_F":0,"ELEVTYP_T":0},"geometry":{"type":"LineString","coordinates":[[-74.2007418958639,40.4318256597016],[-74.2005996763666,40.4315435359206],[-74.2005251672286,40.4313957288112]]}},{"type":"Feature","id":342469,"properties":{"OBJECTID":342469,"PRIMENAME":"North Concourse","ELEVTYP_F":0,"ELEVTYP_T":0},"geometry":{"type":"LineString","coordinates":[[-74.214575896934,40.4456538961852],[-74.2149577587981,40.4455738015873]]}},{"type":"Feature","id":343064,"properties":{"OBJECTID":343064,"PRIMENAME":"Hurley Street","ELEVTYP_F":0,"ELEVTYP_T":0},"geometry":{"type":"LineString","coordinates":[[-74.1933517469465,40.4343118275966],[-74.1934693294023,40.4342382670965],[-74.1939837466722,40.4339164423002],[-74.1940403425286,40.433881756224]]}},{"type":"Feature","id":343188,"properties":{"OBJECTID":343188,"PRIMENAME":"Lammers Street","ELEVTYP_F":0,"ELEVTYP_T":0},"geometry":{"type":"LineString","coordinates":[[-74.1838827329742,40.4232362963316],[-74.1838774864377,40.4232380589531],[-74.1838213803474,40.4232379055341],[-74.1837341641186,40.423223364799],[-74.1833853815903,40.4231318749748],[-74.1833440182823,40.4231206432716]]}},{"type":"Feature","id":345480,"properties":{"OBJECTID":345480,"PRIMENAME":"Cross Avenue","ELEVTYP_F":0,"ELEVTYP_T":0},"geometry":{"type":"LineString","coordinates":[[-74.2152865223874,40.4247340342492],[-74.2153933298634,40.4247727564363],[-74.2171562149766,40.4254116272076],[-74.2178031115464,40.4256460527294]]}},{"type":"Feature","id":345968,"properties":{"OBJECTID":345968,"PRIMENAME":"Garden State Parkway Express","ELEVTYP_F":0,"ELEVTYP_T":0},"geometry":{"type":"LineString","coordinates":[[-74.2170136163184,40.4232858087364],[-74.2172494374344,40.4234211451959],[-74.2189387313244,40.4243402824131],[-74.219066610878,40.4244083629327],[-74.2198021091484,40.4247999141418],[-74.220268521296,40.4250640904834],[-74.2207682002474,40.4253471047567],[-74.2208763835092,40.4254083772773],[-74.2208981760864,40.4254207209489],[-74.2209873005893,40.4254711999939],[-74.2212626838951,40.4256318092506],[-74.2221258126105,40.426135196853],[-74.2226157351588,40.4264259053603],[-74.2231199725414,40.426730470015],[-74.2232455673498,40.4268063291713],[-74.2235675090859,40.4269965160524],[-74.2238055367777,40.4271257506099],[-74.2240482857102,40.4272514546204],[-74.2242816165428,40.4273699710544],[-74.224529116907,40.4274849515344],[-74.2247672002065,40.4275927444603],[-74.2250193288583,40.4277005703009],[-74.2252761577835,40.4278012970937],[-74.2255284326807,40.4278912237167],[-74.2257993380219,40.4279848181573],[-74.2260608892523,40.4280640596893],[-74.2262664761329,40.4281253237264],[-74.2264299994683,40.4281685903229],[-74.2266168931062,40.4282155082137],[-74.2268412252228,40.4282696518478],[-74.2270701552097,40.428323805],[-74.2272758304031,40.4283636285758],[-74.2274814340623,40.4284034236972],[-74.227710494589,40.4284432746001],[-74.2279208191852,40.4284794837963],[-74.2281545782691,40.4285122352114],[-74.2283836471764,40.4285414049918],[-74.2286407719834,40.4285705591139],[-74.228940047831,40.4285962962911],[-74.2290845610475,40.4286064763242]]}},{"type":"Feature","id":346815,"properties":{"OBJECTID":346815,"PRIMENAME":"East 8th Street","ELEVTYP_F":0,"ELEVTYP_T":0},"geometry":{"type":"LineString","coordinates":[[-74.1909935189748,40.4344994662912],[-74.191006116482,40.4344708956278],[-74.1911437001883,40.4343950024558],[-74.1916002657983,40.4341150071609],[-74.1916193568187,40.4341028120798]]}},{"type":"Feature","id":347735,"properties":{"OBJECTID":347735,"PRIMENAME":"Broadway","ELEVTYP_F":0,"ELEVTYP_T":0},"geometry":{"type":"LineString","coordinates":[[-74.2105612984181,40.4296907414985],[-74.210414362989,40.4305053286195],[-74.2103754573092,40.4307147418949]]}},{"type":"Feature","id":348633,"properties":{"OBJECTID":348633,"PRIMENAME":"Broadway","ELEVTYP_F":0,"ELEVTYP_T":0},"geometry":{"type":"LineString","coordinates":[[-74.2103754573092,40.4307147418949],[-74.2103083848841,40.4310755624887]]}},{"type":"Feature","id":351099,"properties":{"OBJECTID":351099,"PRIMENAME":"State Highway 35","ELEVTYP_F":0,"ELEVTYP_T":0},"geometry":{"type":"LineString","coordinates":[[-74.2098891288241,40.4282805419918],[-74.2104141161778,40.4283602598818]]}},{"type":"Feature","id":351496,"properties":{"OBJECTID":351496,"PRIMENAME":"Maple Avenue","ELEVTYP_F":0,"ELEVTYP_T":0},"geometry":{"type":"LineString","coordinates":[[-74.2148904027435,40.4261007801792],[-74.2157605130384,40.42642742835],[-74.2158601382681,40.4264753288931],[-74.2159472456533,40.4265183945728],[-74.2159907290082,40.4265566597886],[-74.2160590779702,40.426618785517],[-74.216121177387,40.4266808967604]]}},{"type":"Feature","id":352631,"properties":{"OBJECTID":352631,"PRIMENAME":"State Highway 36","ELEVTYP_F":0,"ELEVTYP_T":0},"geometry":{"type":"LineString","coordinates":[[-74.1845402660144,40.4312635777684],[-74.1843182088068,40.4313927521648],[-74.1841007586947,40.4315192467048]]}},{"type":"Feature","id":353302,"properties":{"OBJECTID":353302,"PRIMENAME":"State Highway 36","ELEVTYP_F":0,"ELEVTYP_T":0},"geometry":{"type":"LineString","coordinates":[[-74.1918662296374,40.4284699418081],[-74.191893064077,40.4284619696973],[-74.1920753404055,40.4284078476344]]}},{"type":"Feature","id":353525,"properties":{"OBJECTID":353525,"PRIMENAME":"State Highway 36","ELEVTYP_F":0,"ELEVTYP_T":0},"geometry":{"type":"LineString","coordinates":[[-74.1966578222353,40.4269522134597],[-74.1964229798034,40.4270211319871],[-74.1955658813723,40.4272690998939],[-74.1954918824527,40.4272909914483],[-74.1950009735562,40.4274362182932]]}},{"type":"Feature","id":353866,"properties":{"OBJECTID":353866,"PRIMENAME":"Garden State Parkway","ELEVTYP_F":0,"ELEVTYP_T":0},"geometry":{"type":"LineString","coordinates":[[-74.212160059976,40.4211459686426],[-74.2123748184507,40.4212048926535],[-74.2127858893563,40.4213274427449],[-74.2131454754068,40.4214534328962],[-74.2134163073559,40.4215541929263],[-74.2136730641783,40.4216620550572],[-74.213688310674,40.4216687638728],[-74.2139344981181,40.4217770937008],[-74.2141539470679,40.4218741015712],[-74.2144059261805,40.4219998757461],[-74.2147232416406,40.4221686361476],[-74.2152224564816,40.422455829809],[-74.2157356753457,40.4227537355535],[-74.2164168672255,40.4231521944488],[-74.216860272002,40.4233978748986]]}},{"type":"Feature","id":354553,"properties":{"OBJECTID":354553,"PRIMENAME":"State Highway 35","ELEVTYP_F":0,"ELEVTYP_T":0},"geometry":{"type":"LineString","coordinates":[[-74.1977623439442,40.4242936396653],[-74.1970923480612,40.4241249153692]]}},{"type":"Feature","id":355818,"properties":{"OBJECTID":355818,"PRIMENAME":"Ryan Street","ELEVTYP_F":0,"ELEVTYP_T":0},"geometry":{"type":"LineString","coordinates":[[-74.2142957760542,40.42663217522],[-74.2144443857273,40.4264956691296],[-74.2144812060712,40.4264631289124],[-74.2146337097778,40.426328350615],[-74.2148262197133,40.42615821523],[-74.2148904027435,40.4261007801792]]}},{"type":"Feature","id":355877,"properties":{"OBJECTID":355877,"PRIMENAME":"State Highway 35","ELEVTYP_F":0,"ELEVTYP_T":0},"geometry":{"type":"LineString","coordinates":[[-74.2001007169423,40.4246928409873],[-74.1999464022554,40.4246852651934],[-74.1998309045621,40.4246795948645],[-74.1995830834422,40.4246646490041],[-74.1994007093404,40.4246498457712],[-74.1992371017345,40.4246315767662],[-74.1990979493803,40.4246129775984]]}},{"type":"Feature","id":356414,"properties":{"OBJECTID":356414,"PRIMENAME":"State Highway 35","ELEVTYP_F":0,"ELEVTYP_T":0},"geometry":{"type":"LineString","coordinates":[[-74.1989524124054,40.4247259382099],[-74.199035395583,40.4247633138368],[-74.1993014537248,40.4248855342181],[-74.199819591281,40.4251156346547],[-74.1998203086923,40.4251159661522]]}},{"type":"Feature","id":357006,"properties":{"OBJECTID":357006,"PRIMENAME":"State Highway 35","ELEVTYP_F":0,"ELEVTYP_T":0},"geometry":{"type":"LineString","coordinates":[[-74.1998203086923,40.4251159661522],[-74.2003280514402,40.4253485474041]]}},{"type":"Feature","id":357038,"properties":{"OBJECTID":357038,"PRIMENAME":"State Highway 35","ELEVTYP_F":0,"ELEVTYP_T":0},"geometry":{"type":"LineString","coordinates":[[-74.2046934220267,40.4252233613698],[-74.2046740662223,40.4252139506585],[-74.2044966963867,40.4251384172504],[-74.2043437536788,40.4250793070976],[-74.2042024445484,40.4250376034908]]}},{"type":"Feature","id":357189,"properties":{"OBJECTID":357189,"PRIMENAME":"State Highway 35","ELEVTYP_F":0,"ELEVTYP_T":0},"geometry":{"type":"LineString","coordinates":[[-74.2054342803163,40.4261394171118],[-74.2055771036598,40.4262134885247],[-74.2057869729797,40.4263498530561],[-74.2060201847086,40.4265041479925],[-74.2060269953171,40.4265090395825],[-74.2062999304988,40.4267050364865],[-74.2063610412821,40.4267520565983],[-74.2064447866971,40.4268164922165],[-74.2065236553149,40.4268771768311],[-74.2066830741819,40.4270016591784],[-74.2068313600593,40.4271174452996],[-74.2070970539298,40.4273290300618],[-74.2071382942677,40.4273600670678],[-74.2072255713832,40.4274257512445],[-74.2073114907128,40.4274904114905],[-74.2075027188289,40.4276195610882],[-74.2076100259043,40.42768417975],[-74.2077220025376,40.4277488092158],[-74.2078340413898,40.4277991095239],[-74.2079787074589,40.4278638213437],[-74.2081281670174,40.4279249767418],[-74.2082402527318,40.4279645699477],[-74.2083757087684,40.4280078182572],[-74.2085252251435,40.4280475064953],[-74.2086466974163,40.4280764170456],[-74.2089954744587,40.4281415048797]]}},{"type":"Feature","id":357232,"properties":{"OBJECTID":357232,"PRIMENAME":"North Concourse","ELEVTYP_F":0,"ELEVTYP_T":0},"geometry":{"type":"LineString","coordinates":[[-74.2124242617534,40.4460861679592],[-74.2126353880959,40.4460463947865],[-74.2133409406579,40.4458956530306],[-74.2135212989058,40.4458619487982],[-74.2136477178058,40.4458383257327],[-74.2137130571506,40.4458261623195]]}},{"type":"Feature","id":357286,"properties":{"OBJECTID":357286,"PRIMENAME":"State Highway 36","ELEVTYP_F":0,"ELEVTYP_T":0},"geometry":{"type":"LineString","coordinates":[[-74.2024457250904,40.4256936092875],[-74.2027900615541,40.4256696507674]]}},{"type":"Feature","id":357470,"properties":{"OBJECTID":357470,"PRIMENAME":"State Highway 35","ELEVTYP_F":0,"ELEVTYP_T":0},"geometry":{"type":"LineString","coordinates":[[-74.2025767237828,40.4248164996661],[-74.2023962149299,40.4248076727086],[-74.2023093050169,40.4248035428818],[-74.2020760214386,40.4247924567151],[-74.2018416091739,40.4247813176317],[-74.201626176583,40.4247691228687]]}},{"type":"Feature","id":358914,"properties":{"OBJECTID":358914,"PRIMENAME":"State Highway 35","ELEVTYP_F":0,"ELEVTYP_T":0},"geometry":{"type":"LineString","coordinates":[[-74.1917991498466,40.422823572284],[-74.1920469209853,40.4228933540722],[-74.1921946810734,40.4229311169818],[-74.192312955173,40.4229613457223]]}},{"type":"Feature","id":359206,"properties":{"OBJECTID":359206,"PRIMENAME":"State Highway 35","ELEVTYP_F":0,"ELEVTYP_T":0},"geometry":{"type":"LineString","coordinates":[[-74.1913545284505,40.4226970366512],[-74.1915985029174,40.4227670614453],[-74.1917991498466,40.422823572284]]}},{"type":"Feature","id":359500,"properties":{"OBJECTID":359500,"PRIMENAME":"State Highway 35","ELEVTYP_F":0,"ELEVTYP_T":0},"geometry":{"type":"LineString","coordinates":[[-74.1907683456923,40.4225287876084],[-74.1913545284505,40.4226970366512]]}},{"type":"Feature","id":359507,"properties":{"OBJECTID":359507,"PRIMENAME":"State Highway 35","ELEVTYP_F":0,"ELEVTYP_T":0},"geometry":{"type":"LineString","coordinates":[[-74.2099042957163,40.4281782131416],[-74.2090254566942,40.4280444569676]]}},{"type":"Feature","id":359518,"properties":{"OBJECTID":359518,"PRIMENAME":"State Highway 36","ELEVTYP_F":0,"ELEVTYP_T":0},"geometry":{"type":"LineString","coordinates":[[-74.1893345744551,40.4291310110511],[-74.189177203256,40.4291822776637],[-74.1887508814478,40.4293276947459],[-74.1881230649275,40.4295511883322],[-74.1876497865027,40.4297357849358],[-74.1873613744161,40.4298565333623]]}},{"type":"Feature","id":360160,"properties":{"OBJECTID":360160,"PRIMENAME":"State Highway 35","ELEVTYP_F":0,"ELEVTYP_T":0},"geometry":{"type":"LineString","coordinates":[[-74.2010899878809,40.4247406123468],[-74.2006398824565,40.4247174622238],[-74.200552866796,40.4247135775788]]}},{"type":"Feature","id":361646,"properties":{"OBJECTID":361646,"PRIMENAME":"State Highway 35","ELEVTYP_F":0,"ELEVTYP_T":0},"geometry":{"type":"LineString","coordinates":[[-74.2029161007235,40.4248304495311],[-74.202706717945,40.4248228565936],[-74.2025767237828,40.4248164996661]]}},{"type":"Feature","id":362198,"properties":{"OBJECTID":362198,"PRIMENAME":"State Highway 35","ELEVTYP_F":0,"ELEVTYP_T":0},"geometry":{"type":"LineString","coordinates":[[-74.2119582238795,40.4286933448424],[-74.2120770764262,40.428739127784],[-74.2122684646068,40.4288253903454],[-74.2123898383213,40.4288864433094],[-74.2125391563085,40.4289654352543],[-74.2127024645676,40.429065957379],[-74.2128610522689,40.4291700088697],[-74.2130615751037,40.429313474518],[-74.2132667086981,40.4294712534348],[-74.2134718269251,40.4296326011876],[-74.2137700952396,40.4298871028864],[-74.214431935713,40.4304499876136],[-74.2148048497057,40.4307582834304],[-74.2152523395525,40.4311275396921],[-74.2157045339609,40.4314896681914],[-74.2163732657445,40.4320144110769]]}},{"type":"Feature","id":363063,"properties":{"OBJECTID":363063,"PRIMENAME":"State Highway 36","ELEVTYP_F":0,"ELEVTYP_T":0},"geometry":{"type":"LineString","coordinates":[[-74.200941558567,40.4252329885742],[-74.2008350223778,40.4252807802074],[-74.2006357590512,40.4253700313967],[-74.2005038923168,40.4254290953116]]}},{"type":"Feature","id":363885,"properties":{"OBJECTID":363885,"PRIMENAME":"State Highway 35","ELEVTYP_F":0,"ELEVTYP_T":1},"geometry":{"type":"LineString","coordinates":[[-74.2003280514402,40.4253485474041],[-74.2003734682354,40.4253693519539],[-74.2005038923168,40.4254290953116]]}},{"type":"Feature","id":363917,"properties":{"OBJECTID":363917,"PRIMENAME":"State Highway 35","ELEVTYP_F":0,"ELEVTYP_T":0},"geometry":{"type":"LineString","coordinates":[[-74.216278756005,40.4318129786942],[-74.2160034213799,40.4316012248529],[-74.2155652096758,40.4312534341089],[-74.2151875899087,40.4309522388335],[-74.2148473146827,40.4306726021081],[-74.2148399759121,40.4306663794905],[-74.2145251904987,40.4303998711755],[-74.2141528476565,40.4300846580275],[-74.2135748918103,40.4295899770375],[-74.2133698543872,40.4294178967242],[-74.2131926561213,40.4292887637409],[-74.2129874270973,40.4291452866361],[-74.2127682918281,40.4289946100144],[-74.2125862984757,40.4288869318694],[-74.2123762489897,40.4287792106617],[-74.2121941868933,40.4286965128163],[-74.2120774577092,40.4286497184586],[-74.2119965932372,40.4286167949445]]}},{"type":"Feature","id":364124,"properties":{"OBJECTID":364124,"PRIMENAME":"State Highway 36","ELEVTYP_F":0,"ELEVTYP_T":0},"geometry":{"type":"LineString","coordinates":[[-74.1920753404055,40.4284078476344],[-74.1921369858083,40.4283895432543],[-74.1923357620382,40.4283309128746]]}},{"type":"Feature","id":364240,"properties":{"OBJECTID":364240,"PRIMENAME":"State Highway 36","ELEVTYP_F":0,"ELEVTYP_T":0},"geometry":{"type":"LineString","coordinates":[[-74.2005038923168,40.4254290953116],[-74.2001993243003,40.4255654817942],[-74.1995480206207,40.4258282600245],[-74.1987922831652,40.4261492321958]]}},{"type":"Feature","id":364329,"properties":{"OBJECTID":364329,"PRIMENAME":"State Highway 35","ELEVTYP_F":0,"ELEVTYP_T":0},"geometry":{"type":"LineString","coordinates":[[-74.2027900615541,40.4256696507674],[-74.2028947320029,40.425670469183],[-74.2031766331087,40.4256762737745],[-74.2032922709906,40.42567865468],[-74.2035354264357,40.4256935536085],[-74.2037645062909,40.4257156075862],[-74.2039234484557,40.4257338861573],[-74.2041478112845,40.4257666332245],[-74.2041531308317,40.4257674979431],[-74.2043487906754,40.4257992939446],[-74.2045731082675,40.4258427469],[-74.2046435527677,40.425861318886]]}},{"type":"Feature","id":364485,"properties":{"OBJECTID":364485,"PRIMENAME":"State Highway 35","ELEVTYP_F":0,"ELEVTYP_T":0},"geometry":{"type":"LineString","coordinates":[[-74.2112267790751,40.4284722086226],[-74.2112829851867,40.4284833575362],[-74.2114184901103,40.4285158685573],[-74.2115540365601,40.4285555180069],[-74.2117127783154,40.4286059580815],[-74.2118155577394,40.4286383879313],[-74.2119089478528,40.4286743626348],[-74.2119582238795,40.4286933448424]]}},{"type":"Feature","id":364563,"properties":{"OBJECTID":364563,"PRIMENAME":"State Highway 35","ELEVTYP_F":0,"ELEVTYP_T":0},"geometry":{"type":"LineString","coordinates":[[-74.2014785116627,40.4256535349119],[-74.2016127090301,40.425655553823],[-74.2016833925091,40.4256566161509],[-74.2020769188233,40.425663111273],[-74.2021978522017,40.4256651079343],[-74.2023042892307,40.4256659242296],[-74.202305503054,40.4256659336595],[-74.2024258012494,40.4256668557825],[-74.2027900615541,40.4256696507674]]}},{"type":"Feature","id":365154,"properties":{"OBJECTID":365154,"PRIMENAME":"State Highway 35","ELEVTYP_F":0,"ELEVTYP_T":0},"geometry":{"type":"LineString","coordinates":[[-74.2104141161778,40.4283602598818],[-74.2107734994995,40.4284070039378],[-74.2111007262571,40.4284471602944],[-74.2111115786243,40.4284493165283],[-74.2112267790751,40.4284722086226]]}},{"type":"Feature","id":365905,"properties":{"OBJECTID":365905,"PRIMENAME":"State Highway 36","ELEVTYP_F":0,"ELEVTYP_T":0},"geometry":{"type":"LineString","coordinates":[[-74.1927107917128,40.4282202937984],[-74.19307369919,40.4281132078611],[-74.1941650077769,40.4277908530553],[-74.1941954876993,40.4277819281669],[-74.1950315901094,40.4275371015413]]}},{"type":"Feature","id":370468,"properties":{"OBJECTID":370468,"PRIMENAME":"State Highway 36","ELEVTYP_F":0,"ELEVTYP_T":0},"geometry":{"type":"LineString","coordinates":[[-74.1849559608812,40.4310253723302],[-74.1847712923528,40.4311291838671],[-74.1845402660144,40.4312635777684]]}},{"type":"Feature","id":373040,"properties":{"OBJECTID":373040,"PRIMENAME":"State Highway 36","ELEVTYP_F":0,"ELEVTYP_T":0},"geometry":{"type":"LineString","coordinates":[[-74.1874791270704,40.4299040417055],[-74.1876680887568,40.4298251896679],[-74.1880054767207,40.4296938388126],[-74.1884412237041,40.4295306063932],[-74.188755123702,40.4294206298009],[-74.1890362469104,40.4293213250577],[-74.1893219554199,40.4292327108506],[-74.1897295461219,40.4290979473117],[-74.1900858739742,40.4289941323557],[-74.1901791821646,40.4289669462099],[-74.1907130986288,40.4288111058083],[-74.1913735303647,40.4286162616245],[-74.1914549650701,40.4285920887184],[-74.1914812283752,40.4285842935062]]}},{"type":"Feature","id":373848,"properties":{"OBJECTID":373848,"PRIMENAME":"State Highway 36","ELEVTYP_F":0,"ELEVTYP_T":0},"geometry":{"type":"LineString","coordinates":[[-74.1950009735562,40.4274362182932],[-74.1945120321846,40.4275808601277],[-74.1941327000021,40.427698558128]]}},{"type":"Feature","id":374015,"properties":{"OBJECTID":374015,"PRIMENAME":"State Highway 36","ELEVTYP_F":0,"ELEVTYP_T":0},"geometry":{"type":"LineString","coordinates":[[-74.1967048569359,40.4270452056002],[-74.1971811977327,40.4269051606715],[-74.1974482330732,40.4268264700313]]}},{"type":"Feature","id":374037,"properties":{"OBJECTID":374037,"PRIMENAME":"State Highway 36","ELEVTYP_F":0,"ELEVTYP_T":0},"geometry":{"type":"LineString","coordinates":[[-74.2016516928428,40.4257620004022],[-74.2017092869934,40.4257552618024],[-74.2020601738737,40.4257204245919],[-74.2023048558343,40.4257034067955],[-74.2023053379904,40.4257033738126],[-74.2024457250904,40.4256936092875]]}},{"type":"Feature","id":374460,"properties":{"OBJECTID":374460,"PRIMENAME":"State Highway 35","ELEVTYP_F":0,"ELEVTYP_T":0},"geometry":{"type":"LineString","coordinates":[[-74.201626176583,40.4247691228687],[-74.2014441400875,40.4247588251382],[-74.2010899878809,40.4247406123468]]}},{"type":"Feature","id":376205,"properties":{"OBJECTID":376205,"PRIMENAME":"State Highway 35","ELEVTYP_F":0,"ELEVTYP_T":0},"geometry":{"type":"LineString","coordinates":[[-74.1930960027339,40.4230802213042],[-74.1928648055877,40.4230206540428],[-74.1925238005621,40.4229303652544],[-74.1922764640009,40.4228659363592]]}},{"type":"Feature","id":377203,"properties":{"OBJECTID":377203,"PRIMENAME":"State Highway 35","ELEVTYP_F":0,"ELEVTYP_T":0},"geometry":{"type":"LineString","coordinates":[[-74.2008959579533,40.4255806444274],[-74.2009399964588,40.4255939455446],[-74.2010221729043,40.4256125230633],[-74.2010844896269,40.4256222102818],[-74.2011643257528,40.4256338358996],[-74.2012578154551,40.4256448113544],[-74.2013981262358,40.425652311405],[-74.2014785116627,40.4256535349119]]}},{"type":"Feature","id":377778,"properties":{"OBJECTID":377778,"PRIMENAME":"State Highway 36","ELEVTYP_F":0,"ELEVTYP_T":0},"geometry":{"type":"LineString","coordinates":[[-74.1973113778024,40.42675278789],[-74.1972238416744,40.4267837442952],[-74.1969662212044,40.4268617178668],[-74.1966578222353,40.4269522134597]]}},{"type":"Feature","id":377937,"properties":{"OBJECTID":377937,"PRIMENAME":"State Highway 35","ELEVTYP_F":0,"ELEVTYP_T":0},"geometry":{"type":"LineString","coordinates":[[-74.1913439822716,40.4226088923789],[-74.191085061655,40.422533340402],[-74.1908118021364,40.4224614052069],[-74.1902208790636,40.422305842464],[-74.1891791226592,40.422038549595],[-74.1890370198849,40.4220019211458],[-74.188212145835,40.42178929344],[-74.1874554095421,40.4215942381612],[-74.1873225824851,40.4215599995657],[-74.1870740828139,40.4214959454678],[-74.1869760703726,40.4214706711204]]}},{"type":"Feature","id":380373,"properties":{"OBJECTID":380373,"PRIMENAME":"State Highway 36","ELEVTYP_F":0,"ELEVTYP_T":0},"geometry":{"type":"LineString","coordinates":[[-74.1870158689403,40.430002821803],[-74.1867640054685,40.4301122754624],[-74.1867602059372,40.430114003405],[-74.1864124352094,40.4302721615468],[-74.1860988183629,40.4304237502333],[-74.1860373769451,40.4304534495468],[-74.185937743959,40.4305034977381]]}},{"type":"Feature","id":381322,"properties":{"OBJECTID":381322,"PRIMENAME":"State Highway 35","ELEVTYP_F":0,"ELEVTYP_T":0},"geometry":{"type":"LineString","coordinates":[[-74.2119965932372,40.4286167949445],[-74.2118393098184,40.4285526610389],[-74.2116910079668,40.428505211183]]}},{"type":"Feature","id":381725,"properties":{"OBJECTID":381725,"PRIMENAME":"State Highway 36","ELEVTYP_F":0,"ELEVTYP_T":0},"geometry":{"type":"LineString","coordinates":[[-74.1974482330732,40.4268264700313],[-74.1975418246841,40.4267988787839],[-74.1979774342099,40.4266570497097],[-74.1983521999965,40.4265293345288],[-74.198558326621,40.4264548198764]]}},{"type":"Feature","id":381848,"properties":{"OBJECTID":381848,"PRIMENAME":"State Highway 35","ELEVTYP_F":0,"ELEVTYP_T":0},"geometry":{"type":"LineString","coordinates":[[-74.2116910079668,40.428505211183],[-74.211647816158,40.4284914056119],[-74.2115470682255,40.4284649204112],[-74.2114282168462,40.428433675981],[-74.2113820182822,40.428423813019],[-74.2111571779824,40.4283758174318],[-74.2109277184036,40.4283390282476],[-74.2108627079032,40.428328605576],[-74.210587930011,40.4282840334116],[-74.2105495381632,40.4282778048335],[-74.2104194058727,40.4282576864678]]}},{"type":"Feature","id":382418,"properties":{"OBJECTID":382418,"PRIMENAME":"State Highway 36","ELEVTYP_F":0,"ELEVTYP_T":0},"geometry":{"type":"LineString","coordinates":[[-74.1987922831652,40.4261492321958],[-74.1984187091273,40.4263078916643],[-74.1976689240068,40.426620501419],[-74.1974955516692,40.4266879626029],[-74.1973643740989,40.4267340680924],[-74.1973113778024,40.42675278789]]}},{"type":"Feature","id":382621,"properties":{"OBJECTID":382621,"PRIMENAME":"State Highway 35","ELEVTYP_F":0,"ELEVTYP_T":0},"geometry":{"type":"LineString","coordinates":[[-74.192312955173,40.4229613457223],[-74.1924373855602,40.4229931506307],[-74.1926121768545,40.4230378261876],[-74.1930305099209,40.4231454772792]]}},{"type":"Feature","id":382655,"properties":{"OBJECTID":382655,"PRIMENAME":"State Highway 35","ELEVTYP_F":0,"ELEVTYP_T":0},"geometry":{"type":"LineString","coordinates":[[-74.1942949148694,40.4233925429326],[-74.1935655325888,40.4232011953507],[-74.1930960027339,40.4230802213042]]}},{"type":"Feature","id":382762,"properties":{"OBJECTID":382762,"PRIMENAME":"State Highway 35","ELEVTYP_F":0,"ELEVTYP_T":0},"geometry":{"type":"LineString","coordinates":[[-74.2194584888589,40.4344575434281],[-74.2193737973577,40.4343832187656],[-74.2192864699525,40.4343096063514],[-74.2191313941007,40.4341788844952],[-74.2190917661233,40.4341432687497],[-74.2190078414092,40.4340678441954],[-74.2187725482075,40.4338563069085],[-74.2183857525432,40.4335086790426],[-74.2182713688936,40.4334091524552],[-74.2181300371723,40.4332861749177],[-74.2179817067055,40.4331571080128],[-74.2179243187307,40.4331071724804],[-74.2176741107836,40.4329046398728],[-74.217570004346,40.4328203720193],[-74.2175158638538,40.4327769729606],[-74.2172389905968,40.4325550392873],[-74.2168940194815,40.4322861301005],[-74.2165116517394,40.4319920930655],[-74.216278756005,40.4318129786942]]}},{"type":"Feature","id":383190,"properties":{"OBJECTID":383190,"PRIMENAME":"State Highway 35","ELEVTYP_F":0,"ELEVTYP_T":0},"geometry":{"type":"LineString","coordinates":[[-74.2104194058727,40.4282576864678],[-74.2102836543191,40.4282367423968],[-74.2099042957163,40.4281782131416]]}},{"type":"Feature","id":383429,"properties":{"OBJECTID":383429,"PRIMENAME":"State Highway 36","ELEVTYP_F":0,"ELEVTYP_T":0},"geometry":{"type":"LineString","coordinates":[[-74.1857458434284,40.4307034273931],[-74.1859150289092,40.4306139554605],[-74.1863416106002,40.4304077995651],[-74.1863892249562,40.4303861440332],[-74.1866463471583,40.4302691995098],[-74.1868760523492,40.4301661914286],[-74.1871150217893,40.4300560442633],[-74.1874791270704,40.4299040417055]]}},{"type":"Feature","id":383721,"properties":{"OBJECTID":383721,"PRIMENAME":"State Highway 36","ELEVTYP_F":0,"ELEVTYP_T":0},"geometry":{"type":"LineString","coordinates":[[-74.1923357620382,40.4283309128746],[-74.1927107917128,40.4282202937984]]}},{"type":"Feature","id":386532,"properties":{"OBJECTID":386532,"PRIMENAME":"Garden State Parkway","ELEVTYP_F":0,"ELEVTYP_T":0},"geometry":{"type":"LineString","coordinates":[[-74.216860272002,40.4233978748986],[-74.2177000731485,40.4238630927486],[-74.2186893953132,40.4243852710284],[-74.2188294336299,40.4244591842301],[-74.2190565677011,40.4245783428402],[-74.219338451473,40.4247262230032],[-74.2197535206151,40.4249439720652],[-74.2202200860039,40.4252060576769],[-74.2202678132222,40.4252350144219],[-74.2205726077354,40.4254199345605],[-74.2206400246403,40.4254608353167],[-74.2206526392945,40.4254685455707],[-74.2207565765704,40.4255320766604],[-74.2211322521715,40.4257616978327],[-74.2215031481747,40.425988397191],[-74.2224082107638,40.4265410055713],[-74.2228608446479,40.4268065883469],[-74.2230552528192,40.426916577643]]}},{"type":"Feature","id":386551,"properties":{"OBJECTID":386551,"PRIMENAME":"North Concourse","ELEVTYP_F":0,"ELEVTYP_T":0},"geometry":{"type":"LineString","coordinates":[[-74.2104369434493,40.4466461877405],[-74.210405959975,40.4465984537386],[-74.2103937776914,40.4465316615831],[-74.2104316272458,40.4464364715334],[-74.2105256636008,40.4463270930159],[-74.2105945792786,40.4462605588605],[-74.2106759228529,40.446203553002],[-74.2107758885312,40.4461609246395],[-74.210888358314,40.4461182986417],[-74.2109944893418,40.4461042618727],[-74.2110880753204,40.4460997467292],[-74.211187852827,40.4461095221015],[-74.2113561973692,40.4461337698506],[-74.2114364254406,40.4461441824815]]}},{"type":"Feature","id":386585,"properties":{"OBJECTID":386585,"PRIMENAME":"State Highway 36","ELEVTYP_F":0,"ELEVTYP_T":0},"geometry":{"type":"LineString","coordinates":[[-74.1873613744161,40.4298565333623],[-74.1871154690961,40.4299595255931],[-74.1870158689403,40.430002821803]]}},{"type":"Feature","id":388167,"properties":{"OBJECTID":388167,"PRIMENAME":"State Highway 35","ELEVTYP_F":0,"ELEVTYP_T":0},"geometry":{"type":"LineString","coordinates":[[-74.1930305099209,40.4231454772792],[-74.1942824217875,40.4234701425368]]}},{"type":"Feature","id":388659,"properties":{"OBJECTID":388659,"PRIMENAME":"Maple Avenue","ELEVTYP_F":0,"ELEVTYP_T":0},"geometry":{"type":"LineString","coordinates":[[-74.2150580376607,40.42590718438],[-74.215058061954,40.425901427537],[-74.2150394479023,40.4258775542787],[-74.2149087224852,40.4258200502519],[-74.21482423103,40.4257866496227],[-74.2144355699967,40.4256330071918],[-74.214307652941,40.4255824272508]]}},{"type":"Feature","id":388855,"properties":{"OBJECTID":388855,"PRIMENAME":"State Highway 36","ELEVTYP_F":0,"ELEVTYP_T":0},"geometry":{"type":"LineString","coordinates":[[-74.1941327000021,40.427698558128],[-74.193392631704,40.4279282067763],[-74.1927044413084,40.4281315529506]]}},{"type":"Feature","id":389128,"properties":{"OBJECTID":389128,"PRIMENAME":"State Highway 36","ELEVTYP_F":0,"ELEVTYP_T":0},"geometry":{"type":"LineString","coordinates":[[-74.2042024445484,40.4250376034908],[-74.2040662740527,40.4250195159857],[-74.2037238641024,40.4249740356559],[-74.2035041103509,40.4249556287965],[-74.2033217541245,40.4249444271561],[-74.2031627668001,40.4249368814914],[-74.2030211696423,40.4249365178653]]}},{"type":"Feature","id":389408,"properties":{"OBJECTID":389408,"PRIMENAME":"Clark Street","ELEVTYP_F":0,"ELEVTYP_T":0},"geometry":{"type":"LineString","coordinates":[[-74.2061866832207,40.4230694796457],[-74.2061994218152,40.4230723274244],[-74.2063178368418,40.423091707476],[-74.2064674766419,40.4230920874798],[-74.2066322838618,40.4230893508269],[-74.2067169567696,40.423087943587],[-74.2069317989474,40.4230811967679]]}},{"type":"Feature","id":391334,"properties":{"OBJECTID":391334,"PRIMENAME":"State Highway 36","ELEVTYP_F":0,"ELEVTYP_T":0},"geometry":{"type":"LineString","coordinates":[[-74.192109302266,40.4283079660091],[-74.1918376112335,40.4283887456808],[-74.1918182622464,40.4283943032992],[-74.1915006581289,40.4284855026877],[-74.1910975694756,40.4286012503714],[-74.1900458465828,40.4289139706693],[-74.1900015840327,40.4289271319486],[-74.1895145217294,40.4290723889762],[-74.1893345744551,40.4291310110511]]}},{"type":"Feature","id":391722,"properties":{"OBJECTID":391722,"PRIMENAME":"State Highway 35","ELEVTYP_F":1,"ELEVTYP_T":0},"geometry":{"type":"LineString","coordinates":[[-74.2006617927188,40.4254956626747],[-74.200725185072,40.4255218778467],[-74.2008325565699,40.4255614939597],[-74.2008959579533,40.4255806444274]]}},{"type":"Feature","id":391998,"properties":{"OBJECTID":391998,"PRIMENAME":"Ryan Street","ELEVTYP_F":0,"ELEVTYP_T":0},"geometry":{"type":"LineString","coordinates":[[-74.2148904027435,40.4261007801792],[-74.215001495689,40.4260013773448],[-74.2150391260747,40.4259538135351],[-74.2150579412438,40.4259300325262],[-74.2150580376607,40.42590718438]]}},{"type":"Feature","id":392134,"properties":{"OBJECTID":392134,"PRIMENAME":"Marshall Concourse Drive","ELEVTYP_F":0,"ELEVTYP_T":0},"geometry":{"type":"LineString","coordinates":[[-74.2137130571506,40.4458261623195],[-74.2136554460027,40.4458445367668],[-74.2136166626019,40.4458692604985],[-74.2135466095224,40.4459390422488],[-74.2133461241824,40.4461387212557],[-74.2132708938518,40.4462290975113],[-74.2132080702515,40.4463337787181],[-74.2131701232608,40.4464528246567],[-74.2131571884741,40.44656240659],[-74.2131566616901,40.4466863214493],[-74.2131684416829,40.446848397178],[-74.2132297252914,40.4471059066885],[-74.2132540301512,40.4472632364793],[-74.2132410396691,40.4473775952551],[-74.2132092626399,40.4475157347143],[-74.2131525488361,40.4476537573489],[-74.2130770136262,40.4478156433886],[-74.2128945919495,40.4481678606645]]}},{"type":"Feature","id":392162,"properties":{"OBJECTID":392162,"PRIMENAME":"State Highway 35","ELEVTYP_F":0,"ELEVTYP_T":0},"geometry":{"type":"LineString","coordinates":[[-74.2046435527677,40.425861318886],[-74.2047786632216,40.425896939399],[-74.2049748479379,40.4259581902687],[-74.2049842950112,40.425961404448],[-74.20513363611,40.4260122087505],[-74.205239700086,40.4260559621889],[-74.2052543356059,40.4260614708993],[-74.2053624201788,40.4261021473802],[-74.2054342803163,40.4261394171118]]}},{"type":"Feature","id":393669,"properties":{"OBJECTID":393669,"PRIMENAME":"State Highway 35","ELEVTYP_F":0,"ELEVTYP_T":0},"geometry":{"type":"LineString","coordinates":[[-74.2090254566942,40.4280444569676],[-74.2087826628314,40.4280016794281],[-74.2086191205538,40.4279655254166],[-74.2084789287937,40.4279294300539],[-74.2083715168859,40.4278969855516],[-74.2082360930953,40.4278465997341],[-74.2080726552359,40.4277782724973],[-74.2079792639356,40.4277351571055],[-74.2078392674839,40.4276704570855],[-74.2077179156598,40.4276058031311],[-74.2075873059388,40.427530420609],[-74.2074427394005,40.4274263973467],[-74.2073348127602,40.4273433408263],[-74.2072563152812,40.4272829297022],[-74.2072500322385,40.4272780962614],[-74.2067867575217,40.4269217038298],[-74.2066689081283,40.4268310426173],[-74.206544062628,40.4267337582205],[-74.2064307644734,40.4266454688966]]}},{"type":"Feature","id":393802,"properties":{"OBJECTID":393802,"PRIMENAME":"State Highway 35","ELEVTYP_F":0,"ELEVTYP_T":0},"geometry":{"type":"LineString","coordinates":[[-74.2163732657445,40.4320144110769],[-74.216394553351,40.4320311161498],[-74.2170286742313,40.4325152144385],[-74.2174337026149,40.4328394468752],[-74.2175907719004,40.4329651836505],[-74.2175974700642,40.4329705444147],[-74.2178674330005,40.4331959737525],[-74.2179237511625,40.4332430021357],[-74.218052378272,40.4333542991552],[-74.2181736751824,40.4334592520606],[-74.2181847380667,40.4334688240187],[-74.2183898055273,40.4336480603651],[-74.2186368513345,40.4338667096781],[-74.2189211322798,40.434124760153],[-74.2193170726732,40.4344680691121],[-74.2193965099751,40.4345369474979],[-74.2201516892873,40.4351821883542],[-74.2202263375531,40.4352443817249],[-74.2202550864078,40.435268334477],[-74.2203128449433,40.4353164576448],[-74.2204313787113,40.4354152149684],[-74.2204355992981,40.4354186944415],[-74.2206282288911,40.4355775449186]]}},{"type":"Feature","id":394537,"properties":{"OBJECTID":394537,"PRIMENAME":"State Highway 35","ELEVTYP_F":0,"ELEVTYP_T":0},"geometry":{"type":"LineString","coordinates":[[-74.200552866796,40.4247135775788],[-74.2002143446362,40.4246984611659],[-74.2001007169423,40.4246928409873]]}},{"type":"Feature","id":394573,"properties":{"OBJECTID":394573,"PRIMENAME":"North Concourse","ELEVTYP_F":0,"ELEVTYP_T":0},"geometry":{"type":"LineString","coordinates":[[-74.2114364254406,40.4461441824815],[-74.2115432280608,40.4461580648828],[-74.2116616689887,40.446172662501],[-74.2118051235275,40.4461777972038],[-74.2119049407508,40.4461780460009],[-74.2120484971271,40.4461593245381],[-74.2121858779526,40.4461310623673],[-74.2124242617534,40.4460861679592]]}},{"type":"Feature","id":394661,"properties":{"OBJECTID":394661,"PRIMENAME":"State Highway 36","ELEVTYP_F":0,"ELEVTYP_T":0},"geometry":{"type":"LineString","coordinates":[[-74.2030211696423,40.4249365178653],[-74.202985033801,40.4249364250395],[-74.2027557994004,40.4249501381118],[-74.2024891049302,40.4249708649091],[-74.2023085266352,40.4249801045115],[-74.2022224415369,40.4249845076227],[-74.2019136634006,40.4250015833719],[-74.201703128324,40.4250189118096],[-74.2015206142563,40.4250434488928],[-74.2014515304045,40.4250539026005],[-74.2014221614118,40.4250583479814],[-74.2013191553328,40.4250795217036],[-74.2012303455844,40.425107045519],[-74.2010568068722,40.4251812925708],[-74.200941558567,40.4252329885742]]}},{"type":"Feature","id":394968,"properties":{"OBJECTID":394968,"PRIMENAME":"State Highway 35","ELEVTYP_F":0,"ELEVTYP_T":0},"geometry":{"type":"LineString","coordinates":[[-74.1942824217875,40.4234701425368],[-74.1953263563833,40.4237420343456],[-74.1961610754285,40.4239591961913],[-74.196284011999,40.4239911794651],[-74.1967192292813,40.4241037907689],[-74.1969377183696,40.4241603223738]]}},{"type":"Feature","id":395155,"properties":{"OBJECTID":395155,"PRIMENAME":"State Highway 35","ELEVTYP_F":0,"ELEVTYP_T":0},"geometry":{"type":"LineString","coordinates":[[-74.2047517409523,40.4252517580434],[-74.2046934220267,40.4252233613698]]}},{"type":"Feature","id":395460,"properties":{"OBJECTID":395460,"PRIMENAME":"State Highway 36","ELEVTYP_F":0,"ELEVTYP_T":0},"geometry":{"type":"LineString","coordinates":[[-74.1921985019478,40.4282814418675],[-74.1921307409391,40.4283015988263],[-74.192109302266,40.4283079660091]]}},{"type":"Feature","id":395513,"properties":{"OBJECTID":395513,"PRIMENAME":"State Highway 36","ELEVTYP_F":0,"ELEVTYP_T":0},"geometry":{"type":"LineString","coordinates":[[-74.181455124997,40.4331985078621],[-74.1816514975424,40.4330829562263],[-74.1825005002145,40.4325813078892],[-74.183017423531,40.4322761231139],[-74.1833682934341,40.4320689699903],[-74.1841775299854,40.4315915365164],[-74.1842548044553,40.431545944606],[-74.1843176668945,40.4315086424164],[-74.1846104051218,40.4313349305457],[-74.1848364117517,40.4312008173318],[-74.1850286985131,40.4310935463719],[-74.1854039054574,40.4308842269314],[-74.185595835807,40.4307827442698],[-74.1857458434284,40.4307034273931]]}},{"type":"Feature","id":395872,"properties":{"OBJECTID":395872,"PRIMENAME":"State Highway 35","ELEVTYP_F":0,"ELEVTYP_T":0},"geometry":{"type":"LineString","coordinates":[[-74.1922764640009,40.4228659363592],[-74.1920800027083,40.4228147927139],[-74.1919319159816,40.4227766280012],[-74.1918837889155,40.4227642258052],[-74.1918586758138,40.4227575427608],[-74.1917808657432,40.4227368826775],[-74.1917342941312,40.4227245169889],[-74.1915054406802,40.4226559909674],[-74.1913439822716,40.4226088923789]]}},{"type":"Feature","id":396078,"properties":{"OBJECTID":396078,"PRIMENAME":"State Highway 35","ELEVTYP_F":0,"ELEVTYP_T":0},"geometry":{"type":"LineString","coordinates":[[-74.2089954744587,40.4281415048797],[-74.2098891288241,40.4282805419918]]}},{"type":"Feature","id":396554,"properties":{"OBJECTID":396554,"PRIMENAME":"Hazlet Avenue","ELEVTYP_F":0,"ELEVTYP_T":0},"geometry":{"type":"LineString","coordinates":[[-74.1849866459696,40.4212681380268],[-74.1848327363482,40.4216679630646],[-74.1846877341407,40.422005909229],[-74.184536391974,40.422362944112],[-74.1844418795849,40.4225723889804],[-74.1844030437891,40.4226275706885]]}},{"type":"Feature","id":396743,"properties":{"OBJECTID":396743,"PRIMENAME":"State Highway 36","ELEVTYP_F":0,"ELEVTYP_T":0},"geometry":{"type":"LineString","coordinates":[[-74.1950315901094,40.4275371015413],[-74.1955286624004,40.4273915818811],[-74.1956168864576,40.4273657532248],[-74.1964458786619,40.4271212803963],[-74.1967048569359,40.4270452056002]]}},{"type":"Feature","id":396967,"properties":{"OBJECTID":396967,"PRIMENAME":"State Highway 36","ELEVTYP_F":0,"ELEVTYP_T":0},"geometry":{"type":"LineString","coordinates":[[-74.1841007586947,40.4315192467048],[-74.1838050715649,40.4316912515047],[-74.1830996487393,40.4321152590722]]}},{"type":"Feature","id":397325,"properties":{"OBJECTID":397325,"PRIMENAME":"State Highway 36","ELEVTYP_F":0,"ELEVTYP_T":0},"geometry":{"type":"LineString","coordinates":[[-74.198558326621,40.4264548198764],[-74.1986727454711,40.4264205875421],[-74.1989611127425,40.4263343133527],[-74.19921403892,40.426252781789],[-74.1995231415195,40.4261642301769],[-74.1997526226731,40.4261040483518],[-74.2000897096555,40.4260227604158],[-74.2004454949542,40.4259450072273],[-74.2007217480964,40.4258921092532],[-74.2009464264467,40.425853380317],[-74.201320814875,40.4258007067853],[-74.2016516928428,40.4257620004022]]}},{"type":"Feature","id":397556,"properties":{"OBJECTID":397556,"PRIMENAME":"State Highway 36","ELEVTYP_F":0,"ELEVTYP_T":0},"geometry":{"type":"LineString","coordinates":[[-74.185937743959,40.4305034977381],[-74.1856623198491,40.4306419009226],[-74.1854915089512,40.4307315671044],[-74.1852965833854,40.4308338907449],[-74.1849559608812,40.4310253723302]]}},{"type":"Feature","id":397885,"properties":{"OBJECTID":397885,"PRIMENAME":"State Highway 36","ELEVTYP_F":0,"ELEVTYP_T":0},"geometry":{"type":"LineString","coordinates":[[-74.1927044413084,40.4281315529506],[-74.192583767226,40.4281672163648],[-74.1923856331742,40.4282257705262],[-74.1921985019478,40.4282814418675]]}},{"type":"Feature","id":398244,"properties":{"OBJECTID":398244,"PRIMENAME":"State Highway 35","ELEVTYP_F":0,"ELEVTYP_T":0},"geometry":{"type":"LineString","coordinates":[[-74.1970923480612,40.4241249153692],[-74.1970812840041,40.4241221286162],[-74.1969944548589,40.4241002694727],[-74.1969366627239,40.4240848989516],[-74.1967495158772,40.4240351242127],[-74.1962750789778,40.4239089381973],[-74.1961929991325,40.4238874529859],[-74.1954061201363,40.4236814664886],[-74.1942949148694,40.4233925429326]]}},{"type":"Feature","id":398386,"properties":{"OBJECTID":398386,"PRIMENAME":"State Highway 35","ELEVTYP_F":1,"ELEVTYP_T":1},"geometry":{"type":"LineString","coordinates":[[-74.2005038923168,40.4254290953116],[-74.2005337539648,40.4254427606444],[-74.2006617927188,40.4254956626747]]}},{"type":"Feature","id":398615,"properties":{"OBJECTID":398615,"PRIMENAME":"Madison Street","ELEVTYP_F":0,"ELEVTYP_T":0},"geometry":{"type":"LineString","coordinates":[[-74.2059521382056,40.4231650098153],[-74.2059496719363,40.4231384273931],[-74.2059686140557,40.42308604288],[-74.2059999167587,40.423057546006],[-74.2060436572476,40.4230433271052],[-74.2060716095947,40.4230473051559],[-74.2061122214248,40.4230530824394],[-74.2061866832207,40.4230694796457]]}},{"type":"Feature","id":398932,"properties":{"OBJECTID":398932,"PRIMENAME":"State Highway 35","ELEVTYP_F":0,"ELEVTYP_T":0},"geometry":{"type":"LineString","coordinates":[[-74.2042024445484,40.4250376034908],[-74.2040700095422,40.4249980830652],[-74.2039969239625,40.4249762724634],[-74.2038772557705,40.4249472517618],[-74.2037258885976,40.4249219648295],[-74.2034735220163,40.4248784382922],[-74.2032584693967,40.4248528513975],[-74.2030247076816,40.4248343797535],[-74.2029161007235,40.4248304495311]]}},{"type":"Feature","id":399293,"properties":{"OBJECTID":399293,"PRIMENAME":"State Highway 35","ELEVTYP_F":0,"ELEVTYP_T":0},"geometry":{"type":"LineString","coordinates":[[-74.1969377183696,40.4241603223738],[-74.1976714835652,40.4243558319041],[-74.1977292372198,40.4243704102926],[-74.1983582606445,40.4245291980033],[-74.1985731668258,40.42458694024],[-74.1987880241943,40.4246554437195],[-74.198888021588,40.42469693648],[-74.1989524124054,40.4247259382099]]}},{"type":"Feature","id":399461,"properties":{"OBJECTID":399461,"PRIMENAME":"State Highway 35","ELEVTYP_F":0,"ELEVTYP_T":0},"geometry":{"type":"LineString","coordinates":[[-74.2064307644734,40.4266454688966],[-74.2063099741134,40.4265513602966],[-74.2061562428976,40.4264080288429],[-74.2061531770905,40.4264051579111],[-74.2060490949531,40.426307641141],[-74.2059560081872,40.4262037468769],[-74.2058303641223,40.4260532938878],[-74.2056254932254,40.4258418898765],[-74.205448428275,40.4256877371859],[-74.2052647929706,40.4255497393958],[-74.2052479636956,40.4255370929111],[-74.2051080482849,40.4254473816514],[-74.2049968175926,40.4253812411612],[-74.2049027898172,40.4253253289309],[-74.2047517409523,40.4252517580434]]}},{"type":"Feature","id":401874,"properties":{"OBJECTID":401874,"PRIMENAME":"State Highway 35","ELEVTYP_F":0,"ELEVTYP_T":0},"geometry":{"type":"LineString","coordinates":[[-74.1990979493803,40.4246129775984],[-74.1990735090663,40.4246097113055],[-74.1989005736672,40.4245806566766],[-74.1987416628906,40.4245480690895],[-74.1985968851563,40.4245119497851],[-74.1984146196632,40.4244650536084],[-74.1981717645938,40.4244000185714],[-74.1978120471323,40.4243061552123],[-74.1977623439442,40.4242936396653]]}},{"type":"Feature","id":406060,"properties":{"OBJECTID":406060,"PRIMENAME":"South Concourse","ELEVTYP_F":0,"ELEVTYP_T":0},"geometry":{"type":"LineString","coordinates":[[-74.2095291312188,40.4459092332363],[-74.2094001360556,40.4459328696371]]}},{"type":"Feature","id":467155,"properties":{"OBJECTID":467155,"PRIMENAME":"FR NJ 36 NB TO FLORENCE AVE","ELEVTYP_F":0,"ELEVTYP_T":0},"geometry":{"type":"LineString","coordinates":[[-74.1914812283752,40.4285842935062],[-74.1915752284169,40.4286032920544],[-74.1916035615811,40.4286134890406],[-74.1916190604175,40.4286196642993],[-74.1916338552769,40.4286267768152],[-74.1916478493153,40.4286347800314],[-74.1916609509304,40.4286436215606],[-74.1916730743613,40.4286532435279],[-74.1916841402504,40.4286635829502],[-74.191694076162,40.4286745721475],[-74.1917028170572,40.4286861391869],[-74.1917131846061,40.4287024576294],[-74.1917176241989,40.4287109988179],[-74.1917209285568,40.4287198354344],[-74.1917220344719,40.428724543409],[-74.191722508876,40.4287293128776],[-74.1917223468614,40.4287340945021],[-74.1917215501041,40.4287388388184],[-74.1917141121708,40.4287703333191]]}},{"type":"Feature","id":467156,"properties":{"OBJECTID":467156,"PRIMENAME":"State Highway 36","ELEVTYP_F":0,"ELEVTYP_T":0},"geometry":{"type":"LineString","coordinates":[[-74.1914812283752,40.4285842935062],[-74.1915880660345,40.428552561662],[-74.1918662296374,40.4284699418081]]}}]}
